"province_name","ampr_nb","ampr","number"
กรมแพทย์ทหารอากาศ,"30",เขตจตุจักร,2
กรมแพทย์ทหารอากาศ,"14",เขตพญาไท,1
กรมแพทย์ทหารอากาศ,"29",เขตบางซื่อ,4
กรมแพทย์ทหารอากาศ,"36",เขตดอนเมือง,4
กรมแพทย์ทหารอากาศ,"42",เขตสายไหม,2
กรมแพทย์ทหารอากาศ,"22",เขตภาษีเจริญ,12
กรมแพทย์ทหารอากาศ,"09",เขตพระโขนง,3
กรมแพทย์ทหารอากาศ,"07",เขตปทุมวัน,1
กรมแพทย์ทหารอากาศ,"33",เขตคลองเตย,2
กรมแพทย์ทหารเรือ,"16",เขตบางกอกใหญ่,2
กรมแพทย์ทหารเรือ,"29",เขตบางซื่อ,12
กรมแพทย์ทหารเรือ,"02",เขตดุสิต,1
กรมแพทย์ทหารเรือ,"04",เขตบางรัก,2
กรมแพทย์ทหารเรือ,"11",เขตลาดกระบัง,7
กรมแพทย์ทหารเรือ,"30",เขตจตุจักร,2
กรมแพทย์ทหารเรือ,"47",เขตบางนา,20
กรมแพทย์ทหารเรือ,"48",เขตทวีวัฒนา,2
กระบี่,"20",เขตบางกอกน้อย,1
กระบี่,"17",เขตห้วยขวาง,1
กระบี่,"23",เขตหนองแขม,3
กระบี่,"26",เขตดินแดง,2
กระบี่,"32",เขตประเวศ,1
กระบี่,"44",เขตสะพานสูง,3
กระบี่,"45",เขตวังทองหลาง,8
กระบี่,"50",เขตบางบอน,1
กระบี่,"11",เขตลาดกระบัง,12
กระบี่,"03",เขตหนองจอก,4
กระบี่,"15",เขตธนบุรี,5
กระบี่,"16",เขตบางกอกใหญ่,1
กระบี่,"22",เขตภาษีเจริญ,7
กระบี่,"25",เขตบางพลัด,14
กระบี่,"27",เขตบึงกุ่ม,6
กระบี่,"29",เขตบางซื่อ,16
กระบี่,"30",เขตจตุจักร,6
กระบี่,"33",เขตคลองเตย,1
กระบี่,"34",เขตสวนหลวง,3
กระบี่,"39",เขตวัฒนา,2
กระบี่,"40",เขตบางแค,4
กระบี่,"43",เขตคันนายาว,3
กระบี่,"46",เขตคลองสามวา,1
กระบี่,"47",เขตบางนา,1
กระบี่,"49",เขตทุ่งครุ,9
กาญจนบุรี,"15",เขตธนบุรี,83
กาญจนบุรี,"01",เขตพระนคร,16
กาญจนบุรี,"03",เขตหนองจอก,10
กาญจนบุรี,"06",เขตบางกะปิ,5
กาญจนบุรี,"09",เขตพระโขนง,40
กาญจนบุรี,"10",เขตมีนบุรี,12
กาญจนบุรี,"13",เขตสัมพันธวงศ์,3
กาญจนบุรี,"14",เขตพญาไท,9
กาญจนบุรี,"16",เขตบางกอกใหญ่,17
กาญจนบุรี,"19",เขตตลิ่งชัน,2
กาญจนบุรี,"21",เขตบางขุนเทียน,27
กาญจนบุรี,"24",เขตราษฎร์บูรณะ,22
กาญจนบุรี,"26",เขตดินแดง,29
กาญจนบุรี,"27",เขตบึงกุ่ม,40
กาญจนบุรี,"31",เขตบางคอแหลม,16
กาญจนบุรี,"32",เขตประเวศ,40
กาญจนบุรี,"33",เขตคลองเตย,40
กาญจนบุรี,"34",เขตสวนหลวง,25
กาญจนบุรี,"38",เขตลาดพร้าว,4
กาญจนบุรี,"40",เขตบางแค,40
กาญจนบุรี,"41",เขตหลักสี่,6
กาญจนบุรี,"43",เขตคันนายาว,4
กาญจนบุรี,"46",เขตคลองสามวา,13
กาญจนบุรี,"47",เขตบางนา,33
กาญจนบุรี,"48",เขตทวีวัฒนา,2
กาญจนบุรี,"49",เขตทุ่งครุ,47
กาญจนบุรี,"07",เขตปทุมวัน,41
กาญจนบุรี,"05",เขตบางเขน,35
กาญจนบุรี,"11",เขตลาดกระบัง,404
กาญจนบุรี,"12",เขตยานนาวา,23
กาญจนบุรี,"17",เขตห้วยขวาง,24
กาญจนบุรี,"04",เขตบางรัก,2
กาญจนบุรี,"18",เขตคลองสาน,6
กาญจนบุรี,"20",เขตบางกอกน้อย,10
กาญจนบุรี,"22",เขตภาษีเจริญ,68
กาญจนบุรี,"02",เขตดุสิต,3
กาญจนบุรี,"23",เขตหนองแขม,19
กาญจนบุรี,"25",เขตบางพลัด,12
กาญจนบุรี,"28",เขตสาทร,3
กาญจนบุรี,"29",เขตบางซื่อ,94
กาญจนบุรี,"30",เขตจตุจักร,44
กาญจนบุรี,"35",เขตจอมทอง,60
กาญจนบุรี,"36",เขตดอนเมือง,8
กาญจนบุรี,"39",เขตวัฒนา,22
กาญจนบุรี,"42",เขตสายไหม,22
กาญจนบุรี,"44",เขตสะพานสูง,12
กาญจนบุรี,"50",เขตบางบอน,31
กาฬสินธุ์,"27",เขตบึงกุ่ม,7
กาฬสินธุ์,"02",เขตดุสิต,21
กาฬสินธุ์,"03",เขตหนองจอก,38
กาฬสินธุ์,"05",เขตบางเขน,2
กาฬสินธุ์,"12",เขตยานนาวา,10
กาฬสินธุ์,"14",เขตพญาไท,10
กาฬสินธุ์,"16",เขตบางกอกใหญ่,13
กาฬสินธุ์,"18",เขตคลองสาน,22
กาฬสินธุ์,"19",เขตตลิ่งชัน,2
กาฬสินธุ์,"21",เขตบางขุนเทียน,33
กาฬสินธุ์,"22",เขตภาษีเจริญ,12
กาฬสินธุ์,"24",เขตราษฎร์บูรณะ,23
กาฬสินธุ์,"26",เขตดินแดง,16
กาฬสินธุ์,"30",เขตจตุจักร,32
กาฬสินธุ์,"32",เขตประเวศ,19
กาฬสินธุ์,"33",เขตคลองเตย,14
กาฬสินธุ์,"34",เขตสวนหลวง,29
กาฬสินธุ์,"35",เขตจอมทอง,35
กาฬสินธุ์,"36",เขตดอนเมือง,15
กาฬสินธุ์,"39",เขตวัฒนา,32
กาฬสินธุ์,"40",เขตบางแค,20
กาฬสินธุ์,"43",เขตคันนายาว,6
กาฬสินธุ์,"44",เขตสะพานสูง,15
กาฬสินธุ์,"47",เขตบางนา,14
กาฬสินธุ์,"48",เขตทวีวัฒนา,3
กาฬสินธุ์,"49",เขตทุ่งครุ,31
กาฬสินธุ์,"50",เขตบางบอน,17
กาฬสินธุ์,"01",เขตพระนคร,13
กาฬสินธุ์,"04",เขตบางรัก,15
กาฬสินธุ์,"06",เขตบางกะปิ,7
กาฬสินธุ์,"07",เขตปทุมวัน,7
กาฬสินธุ์,"09",เขตพระโขนง,7
กาฬสินธุ์,"10",เขตมีนบุรี,6
กาฬสินธุ์,"11",เขตลาดกระบัง,120
กาฬสินธุ์,"13",เขตสัมพันธวงศ์,2
กาฬสินธุ์,"15",เขตธนบุรี,11
กาฬสินธุ์,"17",เขตห้วยขวาง,8
กาฬสินธุ์,"20",เขตบางกอกน้อย,4
กาฬสินธุ์,"23",เขตหนองแขม,15
กาฬสินธุ์,"29",เขตบางซื่อ,109
กาฬสินธุ์,"31",เขตบางคอแหลม,12
กาฬสินธุ์,"37",เขตราชเทวี,2
กาฬสินธุ์,"38",เขตลาดพร้าว,4
กาฬสินธุ์,"41",เขตหลักสี่,23
กาฬสินธุ์,"42",เขตสายไหม,11
กาฬสินธุ์,"46",เขตคลองสามวา,23
กำแพงเพชร,"45",เขตวังทองหลาง,20
กำแพงเพชร,"02",เขตดุสิต,15
กำแพงเพชร,"06",เขตบางกะปิ,4
กำแพงเพชร,"11",เขตลาดกระบัง,83
กำแพงเพชร,"15",เขตธนบุรี,7
กำแพงเพชร,"17",เขตห้วยขวาง,16
กำแพงเพชร,"19",เขตตลิ่งชัน,1
กำแพงเพชร,"21",เขตบางขุนเทียน,26
กำแพงเพชร,"22",เขตภาษีเจริญ,3
กำแพงเพชร,"23",เขตหนองแขม,1
กำแพงเพชร,"25",เขตบางพลัด,121
กำแพงเพชร,"26",เขตดินแดง,19
กำแพงเพชร,"28",เขตสาทร,1
กำแพงเพชร,"40",เขตบางแค,22
กำแพงเพชร,"42",เขตสายไหม,13
กำแพงเพชร,"46",เขตคลองสามวา,4
กำแพงเพชร,"48",เขตทวีวัฒนา,21
กำแพงเพชร,"01",เขตพระนคร,9
กำแพงเพชร,"03",เขตหนองจอก,22
กำแพงเพชร,"04",เขตบางรัก,3
กำแพงเพชร,"05",เขตบางเขน,15
กำแพงเพชร,"07",เขตปทุมวัน,7
กำแพงเพชร,"09",เขตพระโขนง,10
กำแพงเพชร,"10",เขตมีนบุรี,3
กำแพงเพชร,"12",เขตยานนาวา,18
กำแพงเพชร,"14",เขตพญาไท,3
กำแพงเพชร,"16",เขตบางกอกใหญ่,25
กำแพงเพชร,"20",เขตบางกอกน้อย,6
กำแพงเพชร,"24",เขตราษฎร์บูรณะ,31
กำแพงเพชร,"27",เขตบึงกุ่ม,14
กำแพงเพชร,"29",เขตบางซื่อ,47
กำแพงเพชร,"30",เขตจตุจักร,23
กำแพงเพชร,"31",เขตบางคอแหลม,3
กำแพงเพชร,"32",เขตประเวศ,11
กำแพงเพชร,"33",เขตคลองเตย,8
กำแพงเพชร,"34",เขตสวนหลวง,5
กำแพงเพชร,"35",เขตจอมทอง,8
กำแพงเพชร,"36",เขตดอนเมือง,2
กำแพงเพชร,"37",เขตราชเทวี,10
กำแพงเพชร,"39",เขตวัฒนา,3
กำแพงเพชร,"41",เขตหลักสี่,17
กำแพงเพชร,"43",เขตคันนายาว,1
กำแพงเพชร,"44",เขตสะพานสูง,10
กำแพงเพชร,"47",เขตบางนา,26
กำแพงเพชร,"49",เขตทุ่งครุ,9
กำแพงเพชร,"50",เขตบางบอน,23
ขอนแก่น,"04",เขตบางรัก,8
ขอนแก่น,"02",เขตดุสิต,13
ขอนแก่น,"03",เขตหนองจอก,56
ขอนแก่น,"05",เขตบางเขน,14
ขอนแก่น,"07",เขตปทุมวัน,6
ขอนแก่น,"09",เขตพระโขนง,8
ขอนแก่น,"12",เขตยานนาวา,31
ขอนแก่น,"14",เขตพญาไท,6
ขอนแก่น,"16",เขตบางกอกใหญ่,12
ขอนแก่น,"20",เขตบางกอกน้อย,2
ขอนแก่น,"21",เขตบางขุนเทียน,30
ขอนแก่น,"23",เขตหนองแขม,11
ขอนแก่น,"24",เขตราษฎร์บูรณะ,48
ขอนแก่น,"29",เขตบางซื่อ,92
ขอนแก่น,"30",เขตจตุจักร,43
ขอนแก่น,"31",เขตบางคอแหลม,45
ขอนแก่น,"32",เขตประเวศ,42
ขอนแก่น,"34",เขตสวนหลวง,37
ขอนแก่น,"37",เขตราชเทวี,4
ขอนแก่น,"38",เขตลาดพร้าว,6
ขอนแก่น,"40",เขตบางแค,15
ขอนแก่น,"41",เขตหลักสี่,7
ขอนแก่น,"42",เขตสายไหม,15
ขอนแก่น,"43",เขตคันนายาว,2
ขอนแก่น,"45",เขตวังทองหลาง,19
ขอนแก่น,"46",เขตคลองสามวา,9
ขอนแก่น,"47",เขตบางนา,191
ขอนแก่น,"48",เขตทวีวัฒนา,15
ขอนแก่น,"50",เขตบางบอน,49
ขอนแก่น,"11",เขตลาดกระบัง,285
ขอนแก่น,"10",เขตมีนบุรี,9
ขอนแก่น,"13",เขตสัมพันธวงศ์,3
ขอนแก่น,"15",เขตธนบุรี,42
ขอนแก่น,"17",เขตห้วยขวาง,14
ขอนแก่น,"18",เขตคลองสาน,53
ขอนแก่น,"06",เขตบางกะปิ,18
ขอนแก่น,"19",เขตตลิ่งชัน,10
ขอนแก่น,"22",เขตภาษีเจริญ,29
ขอนแก่น,"26",เขตดินแดง,24
ขอนแก่น,"27",เขตบึงกุ่ม,13
ขอนแก่น,"33",เขตคลองเตย,9
ขอนแก่น,"35",เขตจอมทอง,16
ขอนแก่น,"36",เขตดอนเมือง,17
ขอนแก่น,"39",เขตวัฒนา,37
ขอนแก่น,"44",เขตสะพานสูง,11
ขอนแก่น,"49",เขตทุ่งครุ,57
จันทบุรี,"03",เขตหนองจอก,14
จันทบุรี,"02",เขตดุสิต,1
จันทบุรี,"04",เขตบางรัก,7
จันทบุรี,"06",เขตบางกะปิ,6
จันทบุรี,"10",เขตมีนบุรี,21
จันทบุรี,"13",เขตสัมพันธวงศ์,12
จันทบุรี,"15",เขตธนบุรี,4
จันทบุรี,"16",เขตบางกอกใหญ่,1
จันทบุรี,"21",เขตบางขุนเทียน,21
จันทบุรี,"24",เขตราษฎร์บูรณะ,18
จันทบุรี,"26",เขตดินแดง,4
จันทบุรี,"29",เขตบางซื่อ,33
จันทบุรี,"30",เขตจตุจักร,9
จันทบุรี,"38",เขตลาดพร้าว,15
จันทบุรี,"39",เขตวัฒนา,3
จันทบุรี,"41",เขตหลักสี่,7
จันทบุรี,"44",เขตสะพานสูง,7
จันทบุรี,"46",เขตคลองสามวา,3
จันทบุรี,"49",เขตทุ่งครุ,4
จันทบุรี,"50",เขตบางบอน,12
จันทบุรี,"05",เขตบางเขน,1
จันทบุรี,"07",เขตปทุมวัน,7
จันทบุรี,"09",เขตพระโขนง,1
จันทบุรี,"11",เขตลาดกระบัง,378
จันทบุรี,"12",เขตยานนาวา,2
จันทบุรี,"14",เขตพญาไท,4
จันทบุรี,"17",เขตห้วยขวาง,10
จันทบุรี,"22",เขตภาษีเจริญ,7
จันทบุรี,"23",เขตหนองแขม,9
จันทบุรี,"27",เขตบึงกุ่ม,19
จันทบุรี,"28",เขตสาทร,3
จันทบุรี,"01",เขตพระนคร,19
จันทบุรี,"31",เขตบางคอแหลม,15
จันทบุรี,"32",เขตประเวศ,19
จันทบุรี,"34",เขตสวนหลวง,10
จันทบุรี,"35",เขตจอมทอง,56
จันทบุรี,"36",เขตดอนเมือง,1
จันทบุรี,"40",เขตบางแค,2
จันทบุรี,"42",เขตสายไหม,23
จันทบุรี,"47",เขตบางนา,8
ฉะเชิงเทรา,"21",เขตบางขุนเทียน,25
ฉะเชิงเทรา,"01",เขตพระนคร,3
ฉะเชิงเทรา,"02",เขตดุสิต,18
ฉะเชิงเทรา,"03",เขตหนองจอก,156
ฉะเชิงเทรา,"04",เขตบางรัก,5
ฉะเชิงเทรา,"05",เขตบางเขน,9
ฉะเชิงเทรา,"07",เขตปทุมวัน,14
ฉะเชิงเทรา,"09",เขตพระโขนง,37
ฉะเชิงเทรา,"12",เขตยานนาวา,25
ฉะเชิงเทรา,"14",เขตพญาไท,1
ฉะเชิงเทรา,"15",เขตธนบุรี,22
ฉะเชิงเทรา,"17",เขตห้วยขวาง,53
ฉะเชิงเทรา,"22",เขตภาษีเจริญ,8
ฉะเชิงเทรา,"24",เขตราษฎร์บูรณะ,15
ฉะเชิงเทรา,"30",เขตจตุจักร,56
ฉะเชิงเทรา,"32",เขตประเวศ,15
ฉะเชิงเทรา,"33",เขตคลองเตย,15
ฉะเชิงเทรา,"34",เขตสวนหลวง,21
ฉะเชิงเทรา,"38",เขตลาดพร้าว,1
ฉะเชิงเทรา,"40",เขตบางแค,19
ฉะเชิงเทรา,"41",เขตหลักสี่,11
ฉะเชิงเทรา,"44",เขตสะพานสูง,35
ฉะเชิงเทรา,"46",เขตคลองสามวา,20
ฉะเชิงเทรา,"47",เขตบางนา,39
ฉะเชิงเทรา,"48",เขตทวีวัฒนา,3
ฉะเชิงเทรา,"23",เขตหนองแขม,4
ฉะเชิงเทรา,"06",เขตบางกะปิ,29
ฉะเชิงเทรา,"10",เขตมีนบุรี,74
ฉะเชิงเทรา,"11",เขตลาดกระบัง,604
ฉะเชิงเทรา,"13",เขตสัมพันธวงศ์,3
ฉะเชิงเทรา,"19",เขตตลิ่งชัน,5
ฉะเชิงเทรา,"20",เขตบางกอกน้อย,12
ฉะเชิงเทรา,"26",เขตดินแดง,1
ฉะเชิงเทรา,"27",เขตบึงกุ่ม,35
ฉะเชิงเทรา,"28",เขตสาทร,4
ฉะเชิงเทรา,"29",เขตบางซื่อ,53
ฉะเชิงเทรา,"31",เขตบางคอแหลม,5
ฉะเชิงเทรา,"35",เขตจอมทอง,16
ฉะเชิงเทรา,"36",เขตดอนเมือง,22
ฉะเชิงเทรา,"37",เขตราชเทวี,5
ฉะเชิงเทรา,"39",เขตวัฒนา,18
ฉะเชิงเทรา,"42",เขตสายไหม,6
ฉะเชิงเทรา,"43",เขตคันนายาว,6
ฉะเชิงเทรา,"45",เขตวังทองหลาง,5
ฉะเชิงเทรา,"49",เขตทุ่งครุ,15
ฉะเชิงเทรา,"50",เขตบางบอน,6
ชลบุรี,"03",เขตหนองจอก,22
ชลบุรี,"04",เขตบางรัก,23
ชลบุรี,"05",เขตบางเขน,21
ชลบุรี,"06",เขตบางกะปิ,10
ชลบุรี,"07",เขตปทุมวัน,6
ชลบุรี,"08",เขตป้อมปราบศัตรูพ่าย,1
ชลบุรี,"10",เขตมีนบุรี,61
ชลบุรี,"11",เขตลาดกระบัง,1088
ชลบุรี,"12",เขตยานนาวา,18
ชลบุรี,"18",เขตคลองสาน,9
ชลบุรี,"19",เขตตลิ่งชัน,13
ชลบุรี,"20",เขตบางกอกน้อย,11
ชลบุรี,"22",เขตภาษีเจริญ,23
ชลบุรี,"23",เขตหนองแขม,21
ชลบุรี,"28",เขตสาทร,9
ชลบุรี,"29",เขตบางซื่อ,93
ชลบุรี,"31",เขตบางคอแหลม,32
ชลบุรี,"32",เขตประเวศ,31
ชลบุรี,"33",เขตคลองเตย,55
ชลบุรี,"34",เขตสวนหลวง,39
ชลบุรี,"36",เขตดอนเมือง,17
ชลบุรี,"37",เขตราชเทวี,6
ชลบุรี,"38",เขตลาดพร้าว,4
ชลบุรี,"39",เขตวัฒนา,53
ชลบุรี,"41",เขตหลักสี่,14
ชลบุรี,"44",เขตสะพานสูง,21
ชลบุรี,"46",เขตคลองสามวา,24
ชลบุรี,"48",เขตทวีวัฒนา,4
ชลบุรี,"49",เขตทุ่งครุ,22
ชลบุรี,"01",เขตพระนคร,17
ชลบุรี,"02",เขตดุสิต,23
ชลบุรี,"09",เขตพระโขนง,25
ชลบุรี,"14",เขตพญาไท,23
ชลบุรี,"15",เขตธนบุรี,11
ชลบุรี,"16",เขตบางกอกใหญ่,20
ชลบุรี,"17",เขตห้วยขวาง,61
ชลบุรี,"21",เขตบางขุนเทียน,21
ชลบุรี,"24",เขตราษฎร์บูรณะ,40
ชลบุรี,"26",เขตดินแดง,30
ชลบุรี,"27",เขตบึงกุ่ม,50
ชลบุรี,"30",เขตจตุจักร,49
ชลบุรี,"35",เขตจอมทอง,53
ชลบุรี,"40",เขตบางแค,3
ชลบุรี,"42",เขตสายไหม,29
ชลบุรี,"43",เขตคันนายาว,13
ชลบุรี,"47",เขตบางนา,113
ชลบุรี,"50",เขตบางบอน,41
ชัยนาท,"08",เขตป้อมปราบศัตรูพ่าย,2
ชัยนาท,"02",เขตดุสิต,3
ชัยนาท,"09",เขตพระโขนง,1
ชัยนาท,"11",เขตลาดกระบัง,53
ชัยนาท,"14",เขตพญาไท,41
ชัยนาท,"15",เขตธนบุรี,3
ชัยนาท,"16",เขตบางกอกใหญ่,3
ชัยนาท,"19",เขตตลิ่งชัน,7
ชัยนาท,"23",เขตหนองแขม,18
ชัยนาท,"24",เขตราษฎร์บูรณะ,4
ชัยนาท,"27",เขตบึงกุ่ม,7
ชัยนาท,"28",เขตสาทร,1
ชัยนาท,"29",เขตบางซื่อ,10
ชัยนาท,"31",เขตบางคอแหลม,2
ชัยนาท,"34",เขตสวนหลวง,10
ชัยนาท,"36",เขตดอนเมือง,4
ชัยนาท,"37",เขตราชเทวี,1
ชัยนาท,"39",เขตวัฒนา,6
ชัยนาท,"40",เขตบางแค,42
ชัยนาท,"42",เขตสายไหม,2
ชัยนาท,"49",เขตทุ่งครุ,14
ชัยนาท,"33",เขตคลองเตย,7
ชัยนาท,"01",เขตพระนคร,4
ชัยนาท,"05",เขตบางเขน,2
ชัยนาท,"06",เขตบางกะปิ,6
ชัยนาท,"12",เขตยานนาวา,1
ชัยนาท,"17",เขตห้วยขวาง,12
ชัยนาท,"18",เขตคลองสาน,17
ชัยนาท,"20",เขตบางกอกน้อย,2
ชัยนาท,"21",เขตบางขุนเทียน,2
ชัยนาท,"22",เขตภาษีเจริญ,7
ชัยนาท,"26",เขตดินแดง,25
ชัยนาท,"30",เขตจตุจักร,37
ชัยนาท,"41",เขตหลักสี่,5
ชัยนาท,"47",เขตบางนา,10
ชัยนาท,"48",เขตทวีวัฒนา,11
ชัยนาท,"50",เขตบางบอน,1
ชัยภูมิ,"01",เขตพระนคร,3
ชัยภูมิ,"02",เขตดุสิต,4
ชัยภูมิ,"04",เขตบางรัก,4
ชัยภูมิ,"05",เขตบางเขน,42
ชัยภูมิ,"11",เขตลาดกระบัง,92
ชัยภูมิ,"12",เขตยานนาวา,10
ชัยภูมิ,"14",เขตพญาไท,9
ชัยภูมิ,"15",เขตธนบุรี,7
ชัยภูมิ,"16",เขตบางกอกใหญ่,19
ชัยภูมิ,"17",เขตห้วยขวาง,9
ชัยภูมิ,"20",เขตบางกอกน้อย,5
ชัยภูมิ,"22",เขตภาษีเจริญ,24
ชัยภูมิ,"24",เขตราษฎร์บูรณะ,46
ชัยภูมิ,"25",เขตบางพลัด,1
ชัยภูมิ,"28",เขตสาทร,2
ชัยภูมิ,"31",เขตบางคอแหลม,29
ชัยภูมิ,"32",เขตประเวศ,7
ชัยภูมิ,"35",เขตจอมทอง,23
ชัยภูมิ,"36",เขตดอนเมือง,15
ชัยภูมิ,"37",เขตราชเทวี,6
ชัยภูมิ,"38",เขตลาดพร้าว,3
ชัยภูมิ,"39",เขตวัฒนา,15
ชัยภูมิ,"40",เขตบางแค,8
ชัยภูมิ,"45",เขตวังทองหลาง,2
ชัยภูมิ,"46",เขตคลองสามวา,24
ชัยภูมิ,"48",เขตทวีวัฒนา,4
ชัยภูมิ,"50",เขตบางบอน,14
ชัยภูมิ,"06",เขตบางกะปิ,8
ชัยภูมิ,"07",เขตปทุมวัน,11
ชัยภูมิ,"09",เขตพระโขนง,8
ชัยภูมิ,"13",เขตสัมพันธวงศ์,2
ชัยภูมิ,"18",เขตคลองสาน,4
ชัยภูมิ,"19",เขตตลิ่งชัน,4
ชัยภูมิ,"21",เขตบางขุนเทียน,2
ชัยภูมิ,"23",เขตหนองแขม,14
ชัยภูมิ,"03",เขตหนองจอก,25
ชัยภูมิ,"26",เขตดินแดง,18
ชัยภูมิ,"27",เขตบึงกุ่ม,7
ชัยภูมิ,"29",เขตบางซื่อ,154
ชัยภูมิ,"30",เขตจตุจักร,41
ชัยภูมิ,"33",เขตคลองเตย,13
ชัยภูมิ,"34",เขตสวนหลวง,42
ชัยภูมิ,"41",เขตหลักสี่,38
ชัยภูมิ,"42",เขตสายไหม,17
ชัยภูมิ,"43",เขตคันนายาว,7
ชัยภูมิ,"44",เขตสะพานสูง,2
ชัยภูมิ,"47",เขตบางนา,19
ชัยภูมิ,"49",เขตทุ่งครุ,25
ชุมพร,"01",เขตพระนคร,3
ชุมพร,"06",เขตบางกะปิ,10
ชุมพร,"11",เขตลาดกระบัง,60
ชุมพร,"12",เขตยานนาวา,1
ชุมพร,"16",เขตบางกอกใหญ่,3
ชุมพร,"20",เขตบางกอกน้อย,4
ชุมพร,"23",เขตหนองแขม,18
ชุมพร,"25",เขตบางพลัด,2
ชุมพร,"30",เขตจตุจักร,7
ชุมพร,"35",เขตจอมทอง,1
ชุมพร,"39",เขตวัฒนา,9
ชุมพร,"42",เขตสายไหม,12
ชุมพร,"44",เขตสะพานสูง,5
ชุมพร,"48",เขตทวีวัฒนา,6
ชุมพร,"50",เขตบางบอน,1
ชุมพร,"02",เขตดุสิต,15
ชุมพร,"03",เขตหนองจอก,7
ชุมพร,"04",เขตบางรัก,10
ชุมพร,"17",เขตห้วยขวาง,7
ชุมพร,"22",เขตภาษีเจริญ,1
ชุมพร,"24",เขตราษฎร์บูรณะ,4
ชุมพร,"26",เขตดินแดง,1
ชุมพร,"27",เขตบึงกุ่ม,2
ชุมพร,"29",เขตบางซื่อ,33
ชุมพร,"31",เขตบางคอแหลม,1
ชุมพร,"32",เขตประเวศ,2
ชุมพร,"33",เขตคลองเตย,14
ชุมพร,"34",เขตสวนหลวง,2
ชุมพร,"36",เขตดอนเมือง,5
ชุมพร,"40",เขตบางแค,3
ชุมพร,"46",เขตคลองสามวา,7
ชุมพร,"47",เขตบางนา,4
ชุมพร,"49",เขตทุ่งครุ,18
ตรัง,"06",เขตบางกะปิ,2
ตรัง,"01",เขตพระนคร,2
ตรัง,"11",เขตลาดกระบัง,89
ตรัง,"12",เขตยานนาวา,2
ตรัง,"16",เขตบางกอกใหญ่,3
ตรัง,"21",เขตบางขุนเทียน,1
ตรัง,"22",เขตภาษีเจริญ,4
ตรัง,"23",เขตหนองแขม,2
ตรัง,"25",เขตบางพลัด,8
ตรัง,"27",เขตบึงกุ่ม,13
ตรัง,"29",เขตบางซื่อ,39
ตรัง,"34",เขตสวนหลวง,22
ตรัง,"41",เขตหลักสี่,6
ตรัง,"42",เขตสายไหม,3
ตรัง,"47",เขตบางนา,6
ตรัง,"48",เขตทวีวัฒนา,3
ตรัง,"50",เขตบางบอน,2
ตรัง,"02",เขตดุสิต,1
ตรัง,"03",เขตหนองจอก,1
ตรัง,"05",เขตบางเขน,7
ตรัง,"09",เขตพระโขนง,1
ตรัง,"14",เขตพญาไท,6
ตรัง,"17",เขตห้วยขวาง,2
ตรัง,"20",เขตบางกอกน้อย,6
ตรัง,"24",เขตราษฎร์บูรณะ,3
ตรัง,"26",เขตดินแดง,6
ตรัง,"30",เขตจตุจักร,11
ตรัง,"32",เขตประเวศ,1
ตรัง,"36",เขตดอนเมือง,1
ตรัง,"40",เขตบางแค,5
ตรัง,"43",เขตคันนายาว,5
ตรัง,"44",เขตสะพานสูง,23
ตรัง,"45",เขตวังทองหลาง,3
ตรัง,"49",เขตทุ่งครุ,11
ตราด,"02",เขตดุสิต,1
ตราด,"03",เขตหนองจอก,9
ตราด,"05",เขตบางเขน,3
ตราด,"07",เขตปทุมวัน,4
ตราด,"10",เขตมีนบุรี,17
ตราด,"11",เขตลาดกระบัง,44
ตราด,"17",เขตห้วยขวาง,3
ตราด,"19",เขตตลิ่งชัน,8
ตราด,"21",เขตบางขุนเทียน,1
ตราด,"22",เขตภาษีเจริญ,1
ตราด,"25",เขตบางพลัด,3
ตราด,"28",เขตสาทร,1
ตราด,"29",เขตบางซื่อ,45
ตราด,"30",เขตจตุจักร,2
ตราด,"31",เขตบางคอแหลม,2
ตราด,"33",เขตคลองเตย,5
ตราด,"36",เขตดอนเมือง,4
ตราด,"41",เขตหลักสี่,1
ตราด,"47",เขตบางนา,4
ตราด,"12",เขตยานนาวา,5
ตราด,"14",เขตพญาไท,2
ตราด,"09",เขตพระโขนง,10
ตราด,"15",เขตธนบุรี,4
ตราด,"24",เขตราษฎร์บูรณะ,7
ตราด,"26",เขตดินแดง,3
ตราด,"32",เขตประเวศ,1
ตราด,"34",เขตสวนหลวง,4
ตราด,"35",เขตจอมทอง,2
ตราด,"39",เขตวัฒนา,7
ตราด,"44",เขตสะพานสูง,1
ตราด,"46",เขตคลองสามวา,7
ตราด,"49",เขตทุ่งครุ,6
ตาก,"06",เขตบางกะปิ,6
ตาก,"03",เขตหนองจอก,1
ตาก,"05",เขตบางเขน,6
ตาก,"11",เขตลาดกระบัง,34
ตาก,"16",เขตบางกอกใหญ่,8
ตาก,"17",เขตห้วยขวาง,3
ตาก,"20",เขตบางกอกน้อย,1
ตาก,"21",เขตบางขุนเทียน,2
ตาก,"25",เขตบางพลัด,1
ตาก,"26",เขตดินแดง,5
ตาก,"27",เขตบึงกุ่ม,1
ตาก,"30",เขตจตุจักร,17
ตาก,"34",เขตสวนหลวง,19
ตาก,"36",เขตดอนเมือง,2
ตาก,"44",เขตสะพานสูง,15
ตาก,"47",เขตบางนา,4
ตาก,"49",เขตทุ่งครุ,6
ตาก,"22",เขตภาษีเจริญ,5
ตาก,"01",เขตพระนคร,2
ตาก,"04",เขตบางรัก,3
ตาก,"07",เขตปทุมวัน,2
ตาก,"09",เขตพระโขนง,5
ตาก,"10",เขตมีนบุรี,6
ตาก,"12",เขตยานนาวา,1
ตาก,"15",เขตธนบุรี,3
ตาก,"18",เขตคลองสาน,22
ตาก,"23",เขตหนองแขม,1
ตาก,"24",เขตราษฎร์บูรณะ,13
ตาก,"29",เขตบางซื่อ,23
ตาก,"32",เขตประเวศ,1
ตาก,"35",เขตจอมทอง,3
ตาก,"40",เขตบางแค,2
ตาก,"41",เขตหลักสี่,1
ตาก,"42",เขตสายไหม,1
ตาก,"50",เขตบางบอน,1
นครนายก,"03",เขตหนองจอก,33
นครนายก,"04",เขตบางรัก,7
นครนายก,"05",เขตบางเขน,2
นครนายก,"10",เขตมีนบุรี,43
นครนายก,"11",เขตลาดกระบัง,119
นครนายก,"12",เขตยานนาวา,13
นครนายก,"15",เขตธนบุรี,9
นครนายก,"17",เขตห้วยขวาง,11
นครนายก,"20",เขตบางกอกน้อย,2
นครนายก,"22",เขตภาษีเจริญ,15
นครนายก,"01",เขตพระนคร,2
นครนายก,"24",เขตราษฎร์บูรณะ,35
นครนายก,"27",เขตบึงกุ่ม,4
นครนายก,"29",เขตบางซื่อ,31
นครนายก,"30",เขตจตุจักร,16
นครนายก,"31",เขตบางคอแหลม,5
นครนายก,"33",เขตคลองเตย,22
นครนายก,"35",เขตจอมทอง,11
นครนายก,"36",เขตดอนเมือง,5
นครนายก,"41",เขตหลักสี่,3
นครนายก,"42",เขตสายไหม,34
นครนายก,"43",เขตคันนายาว,2
นครนายก,"44",เขตสะพานสูง,7
นครนายก,"49",เขตทุ่งครุ,90
นครนายก,"50",เขตบางบอน,2
นครนายก,"07",เขตปทุมวัน,16
นครนายก,"06",เขตบางกะปิ,9
นครนายก,"09",เขตพระโขนง,11
นครนายก,"14",เขตพญาไท,26
นครนายก,"16",เขตบางกอกใหญ่,3
นครนายก,"18",เขตคลองสาน,6
นครนายก,"21",เขตบางขุนเทียน,3
นครนายก,"23",เขตหนองแขม,6
นครนายก,"25",เขตบางพลัด,2
นครนายก,"26",เขตดินแดง,2
นครนายก,"28",เขตสาทร,4
นครนายก,"32",เขตประเวศ,4
นครนายก,"34",เขตสวนหลวง,4
นครนายก,"37",เขตราชเทวี,2
นครนายก,"38",เขตลาดพร้าว,4
นครนายก,"39",เขตวัฒนา,9
นครนายก,"40",เขตบางแค,8
นครนายก,"46",เขตคลองสามวา,3
นครนายก,"47",เขตบางนา,3
นครปฐม,"03",เขตหนองจอก,8
นครปฐม,"05",เขตบางเขน,39
นครปฐม,"07",เขตปทุมวัน,48
นครปฐม,"08",เขตป้อมปราบศัตรูพ่าย,1
นครปฐม,"11",เขตลาดกระบัง,484
นครปฐม,"12",เขตยานนาวา,43
นครปฐม,"13",เขตสัมพันธวงศ์,1
นครปฐม,"14",เขตพญาไท,11
นครปฐม,"15",เขตธนบุรี,271
นครปฐม,"17",เขตห้วยขวาง,47
นครปฐม,"02",เขตดุสิต,43
นครปฐม,"19",เขตตลิ่งชัน,15
นครปฐม,"20",เขตบางกอกน้อย,20
นครปฐม,"23",เขตหนองแขม,68
นครปฐม,"25",เขตบางพลัด,10
นครปฐม,"26",เขตดินแดง,25
นครปฐม,"28",เขตสาทร,9
นครปฐม,"30",เขตจตุจักร,55
นครปฐม,"31",เขตบางคอแหลม,44
นครปฐม,"33",เขตคลองเตย,36
นครปฐม,"34",เขตสวนหลวง,21
นครปฐม,"35",เขตจอมทอง,57
นครปฐม,"36",เขตดอนเมือง,41
นครปฐม,"41",เขตหลักสี่,17
นครปฐม,"42",เขตสายไหม,7
นครปฐม,"44",เขตสะพานสูง,9
นครปฐม,"46",เขตคลองสามวา,20
นครปฐม,"27",เขตบึงกุ่ม,28
นครปฐม,"01",เขตพระนคร,15
นครปฐม,"04",เขตบางรัก,2
นครปฐม,"06",เขตบางกะปิ,16
นครปฐม,"09",เขตพระโขนง,21
นครปฐม,"10",เขตมีนบุรี,9
นครปฐม,"16",เขตบางกอกใหญ่,17
นครปฐม,"18",เขตคลองสาน,42
นครปฐม,"21",เขตบางขุนเทียน,54
นครปฐม,"22",เขตภาษีเจริญ,106
นครปฐม,"24",เขตราษฎร์บูรณะ,42
นครปฐม,"29",เขตบางซื่อ,155
นครปฐม,"32",เขตประเวศ,2
นครปฐม,"37",เขตราชเทวี,1
นครปฐม,"39",เขตวัฒนา,24
นครปฐม,"40",เขตบางแค,32
นครปฐม,"43",เขตคันนายาว,5
นครปฐม,"47",เขตบางนา,26
นครปฐม,"48",เขตทวีวัฒนา,99
นครปฐม,"49",เขตทุ่งครุ,74
นครปฐม,"50",เขตบางบอน,22
นครพนม,"02",เขตดุสิต,1
นครพนม,"03",เขตหนองจอก,10
นครพนม,"04",เขตบางรัก,38
นครพนม,"06",เขตบางกะปิ,7
นครพนม,"11",เขตลาดกระบัง,48
นครพนม,"12",เขตยานนาวา,9
นครพนม,"14",เขตพญาไท,3
นครพนม,"15",เขตธนบุรี,4
นครพนม,"16",เขตบางกอกใหญ่,5
นครพนม,"17",เขตห้วยขวาง,23
นครพนม,"20",เขตบางกอกน้อย,15
นครพนม,"23",เขตหนองแขม,4
นครพนม,"24",เขตราษฎร์บูรณะ,23
นครพนม,"26",เขตดินแดง,7
นครพนม,"27",เขตบึงกุ่ม,7
นครพนม,"30",เขตจตุจักร,22
นครพนม,"33",เขตคลองเตย,10
นครพนม,"34",เขตสวนหลวง,21
นครพนม,"35",เขตจอมทอง,11
นครพนม,"36",เขตดอนเมือง,6
นครพนม,"38",เขตลาดพร้าว,2
นครพนม,"39",เขตวัฒนา,58
นครพนม,"40",เขตบางแค,10
นครพนม,"43",เขตคันนายาว,3
นครพนม,"46",เขตคลองสามวา,4
นครพนม,"31",เขตบางคอแหลม,9
นครพนม,"01",เขตพระนคร,2
นครพนม,"05",เขตบางเขน,6
นครพนม,"07",เขตปทุมวัน,13
นครพนม,"09",เขตพระโขนง,3
นครพนม,"10",เขตมีนบุรี,2
นครพนม,"18",เขตคลองสาน,12
นครพนม,"21",เขตบางขุนเทียน,10
นครพนม,"22",เขตภาษีเจริญ,4
นครพนม,"25",เขตบางพลัด,6
นครพนม,"29",เขตบางซื่อ,29
นครพนม,"32",เขตประเวศ,5
นครพนม,"41",เขตหลักสี่,1
นครพนม,"42",เขตสายไหม,4
นครพนม,"44",เขตสะพานสูง,6
นครพนม,"47",เขตบางนา,11
นครพนม,"48",เขตทวีวัฒนา,8
นครพนม,"49",เขตทุ่งครุ,24
นครพนม,"50",เขตบางบอน,4
นครราชสีมา,"01",เขตพระนคร,8
นครราชสีมา,"03",เขตหนองจอก,49
นครราชสีมา,"05",เขตบางเขน,38
นครราชสีมา,"09",เขตพระโขนง,13
นครราชสีมา,"10",เขตมีนบุรี,13
นครราชสีมา,"11",เขตลาดกระบัง,314
นครราชสีมา,"12",เขตยานนาวา,33
นครราชสีมา,"13",เขตสัมพันธวงศ์,7
นครราชสีมา,"14",เขตพญาไท,42
นครราชสีมา,"16",เขตบางกอกใหญ่,26
นครราชสีมา,"20",เขตบางกอกน้อย,7
นครราชสีมา,"22",เขตภาษีเจริญ,30
นครราชสีมา,"24",เขตราษฎร์บูรณะ,40
นครราชสีมา,"26",เขตดินแดง,74
นครราชสีมา,"27",เขตบึงกุ่ม,21
นครราชสีมา,"29",เขตบางซื่อ,156
นครราชสีมา,"30",เขตจตุจักร,64
นครราชสีมา,"31",เขตบางคอแหลม,31
นครราชสีมา,"32",เขตประเวศ,15
นครราชสีมา,"33",เขตคลองเตย,65
นครราชสีมา,"34",เขตสวนหลวง,31
นครราชสีมา,"35",เขตจอมทอง,94
นครราชสีมา,"36",เขตดอนเมือง,5
นครราชสีมา,"38",เขตลาดพร้าว,7
นครราชสีมา,"39",เขตวัฒนา,46
นครราชสีมา,"41",เขตหลักสี่,30
นครราชสีมา,"44",เขตสะพานสูง,23
นครราชสีมา,"45",เขตวังทองหลาง,11
นครราชสีมา,"50",เขตบางบอน,42
นครราชสีมา,"46",เขตคลองสามวา,27
นครราชสีมา,"02",เขตดุสิต,22
นครราชสีมา,"04",เขตบางรัก,7
นครราชสีมา,"06",เขตบางกะปิ,16
นครราชสีมา,"07",เขตปทุมวัน,37
นครราชสีมา,"15",เขตธนบุรี,36
นครราชสีมา,"17",เขตห้วยขวาง,55
นครราชสีมา,"18",เขตคลองสาน,2
นครราชสีมา,"19",เขตตลิ่งชัน,6
นครราชสีมา,"21",เขตบางขุนเทียน,38
นครราชสีมา,"23",เขตหนองแขม,29
นครราชสีมา,"25",เขตบางพลัด,12
นครราชสีมา,"28",เขตสาทร,2
นครราชสีมา,"37",เขตราชเทวี,2
นครราชสีมา,"40",เขตบางแค,47
นครราชสีมา,"42",เขตสายไหม,53
นครราชสีมา,"43",เขตคันนายาว,6
นครราชสีมา,"47",เขตบางนา,55
นครราชสีมา,"48",เขตทวีวัฒนา,6
นครราชสีมา,"49",เขตทุ่งครุ,88
นครศรีธรรมราช,"06",เขตบางกะปิ,29
นครศรีธรรมราช,"07",เขตปทุมวัน,3
นครศรีธรรมราช,"09",เขตพระโขนง,3
นครศรีธรรมราช,"03",เขตหนองจอก,14
นครศรีธรรมราช,"14",เขตพญาไท,8
นครศรีธรรมราช,"15",เขตธนบุรี,13
นครศรีธรรมราช,"17",เขตห้วยขวาง,5
นครศรีธรรมราช,"21",เขตบางขุนเทียน,1
นครศรีธรรมราช,"24",เขตราษฎร์บูรณะ,6
นครศรีธรรมราช,"27",เขตบึงกุ่ม,58
นครศรีธรรมราช,"36",เขตดอนเมือง,1
นครศรีธรรมราช,"39",เขตวัฒนา,3
นครศรีธรรมราช,"41",เขตหลักสี่,7
นครศรีธรรมราช,"02",เขตดุสิต,6
นครศรีธรรมราช,"42",เขตสายไหม,14
นครศรีธรรมราช,"43",เขตคันนายาว,2
นครศรีธรรมราช,"47",เขตบางนา,8
นครศรีธรรมราช,"48",เขตทวีวัฒนา,21
นครศรีธรรมราช,"49",เขตทุ่งครุ,50
นครศรีธรรมราช,"50",เขตบางบอน,10
นครศรีธรรมราช,"05",เขตบางเขน,36
นครศรีธรรมราช,"01",เขตพระนคร,4
นครศรีธรรมราช,"11",เขตลาดกระบัง,258
นครศรีธรรมราช,"12",เขตยานนาวา,2
นครศรีธรรมราช,"16",เขตบางกอกใหญ่,8
นครศรีธรรมราช,"19",เขตตลิ่งชัน,1
นครศรีธรรมราช,"20",เขตบางกอกน้อย,19
นครศรีธรรมราช,"22",เขตภาษีเจริญ,22
นครศรีธรรมราช,"23",เขตหนองแขม,14
นครศรีธรรมราช,"26",เขตดินแดง,39
นครศรีธรรมราช,"29",เขตบางซื่อ,60
นครศรีธรรมราช,"30",เขตจตุจักร,22
นครศรีธรรมราช,"31",เขตบางคอแหลม,6
นครศรีธรรมราช,"32",เขตประเวศ,10
นครศรีธรรมราช,"33",เขตคลองเตย,4
นครศรีธรรมราช,"34",เขตสวนหลวง,4
นครศรีธรรมราช,"35",เขตจอมทอง,13
นครศรีธรรมราช,"40",เขตบางแค,15
นครศรีธรรมราช,"44",เขตสะพานสูง,15
นครศรีธรรมราช,"46",เขตคลองสามวา,30
นครสวรรค์,"07",เขตปทุมวัน,6
นครสวรรค์,"03",เขตหนองจอก,15
นครสวรรค์,"10",เขตมีนบุรี,10
นครสวรรค์,"12",เขตยานนาวา,12
นครสวรรค์,"04",เขตบางรัก,9
นครสวรรค์,"13",เขตสัมพันธวงศ์,1
นครสวรรค์,"14",เขตพญาไท,12
นครสวรรค์,"17",เขตห้วยขวาง,10
นครสวรรค์,"18",เขตคลองสาน,1
นครสวรรค์,"19",เขตตลิ่งชัน,14
นครสวรรค์,"20",เขตบางกอกน้อย,7
นครสวรรค์,"30",เขตจตุจักร,48
นครสวรรค์,"31",เขตบางคอแหลม,15
นครสวรรค์,"34",เขตสวนหลวง,12
นครสวรรค์,"36",เขตดอนเมือง,13
นครสวรรค์,"38",เขตลาดพร้าว,2
นครสวรรค์,"39",เขตวัฒนา,9
นครสวรรค์,"41",เขตหลักสี่,10
นครสวรรค์,"05",เขตบางเขน,5
นครสวรรค์,"42",เขตสายไหม,21
นครสวรรค์,"44",เขตสะพานสูง,43
นครสวรรค์,"46",เขตคลองสามวา,11
นครสวรรค์,"47",เขตบางนา,50
นครสวรรค์,"48",เขตทวีวัฒนา,15
นครสวรรค์,"45",เขตวังทองหลาง,13
นครสวรรค์,"01",เขตพระนคร,7
นครสวรรค์,"02",เขตดุสิต,4
นครสวรรค์,"06",เขตบางกะปิ,28
นครสวรรค์,"09",เขตพระโขนง,15
นครสวรรค์,"11",เขตลาดกระบัง,157
นครสวรรค์,"15",เขตธนบุรี,9
นครสวรรค์,"16",เขตบางกอกใหญ่,16
นครสวรรค์,"21",เขตบางขุนเทียน,24
นครสวรรค์,"22",เขตภาษีเจริญ,28
นครสวรรค์,"23",เขตหนองแขม,7
นครสวรรค์,"24",เขตราษฎร์บูรณะ,8
นครสวรรค์,"25",เขตบางพลัด,12
นครสวรรค์,"26",เขตดินแดง,33
นครสวรรค์,"27",เขตบึงกุ่ม,18
นครสวรรค์,"29",เขตบางซื่อ,79
นครสวรรค์,"32",เขตประเวศ,7
นครสวรรค์,"33",เขตคลองเตย,25
นครสวรรค์,"35",เขตจอมทอง,14
นครสวรรค์,"40",เขตบางแค,26
นครสวรรค์,"43",เขตคันนายาว,5
นครสวรรค์,"49",เขตทุ่งครุ,38
นครสวรรค์,"50",เขตบางบอน,24
นนทบุรี,"01",เขตพระนคร,147
นนทบุรี,"02",เขตดุสิต,235
นนทบุรี,"05",เขตบางเขน,98
นนทบุรี,"13",เขตสัมพันธวงศ์,5
นนทบุรี,"15",เขตธนบุรี,219
นนทบุรี,"18",เขตคลองสาน,106
นนทบุรี,"19",เขตตลิ่งชัน,198
นนทบุรี,"20",เขตบางกอกน้อย,207
นนทบุรี,"22",เขตภาษีเจริญ,81
นนทบุรี,"24",เขตราษฎร์บูรณะ,124
นนทบุรี,"25",เขตบางพลัด,32
นนทบุรี,"28",เขตสาทร,26
นนทบุรี,"32",เขตประเวศ,34
นนทบุรี,"34",เขตสวนหลวง,54
นนทบุรี,"36",เขตดอนเมือง,268
นนทบุรี,"38",เขตลาดพร้าว,28
นนทบุรี,"39",เขตวัฒนา,69
นนทบุรี,"41",เขตหลักสี่,498
นนทบุรี,"42",เขตสายไหม,91
นนทบุรี,"43",เขตคันนายาว,4
นนทบุรี,"44",เขตสะพานสูง,83
นนทบุรี,"46",เขตคลองสามวา,33
นนทบุรี,"47",เขตบางนา,70
นนทบุรี,"50",เขตบางบอน,45
นนทบุรี,"31",เขตบางคอแหลม,64
นนทบุรี,"03",เขตหนองจอก,55
นนทบุรี,"04",เขตบางรัก,73
นนทบุรี,"06",เขตบางกะปิ,25
นนทบุรี,"07",เขตปทุมวัน,97
นนทบุรี,"08",เขตป้อมปราบศัตรูพ่าย,11
นนทบุรี,"09",เขตพระโขนง,36
นนทบุรี,"10",เขตมีนบุรี,52
นนทบุรี,"11",เขตลาดกระบัง,881
นนทบุรี,"12",เขตยานนาวา,82
นนทบุรี,"14",เขตพญาไท,122
นนทบุรี,"16",เขตบางกอกใหญ่,176
นนทบุรี,"17",เขตห้วยขวาง,104
นนทบุรี,"21",เขตบางขุนเทียน,135
นนทบุรี,"23",เขตหนองแขม,104
นนทบุรี,"26",เขตดินแดง,64
นนทบุรี,"27",เขตบึงกุ่ม,98
นนทบุรี,"29",เขตบางซื่อ,3038
นนทบุรี,"30",เขตจตุจักร,1177
นนทบุรี,"33",เขตคลองเตย,80
นนทบุรี,"35",เขตจอมทอง,338
นนทบุรี,"37",เขตราชเทวี,22
นนทบุรี,"40",เขตบางแค,91
นนทบุรี,"48",เขตทวีวัฒนา,153
นนทบุรี,"49",เขตทุ่งครุ,156
นราธิวาส,"06",เขตบางกะปิ,61
นราธิวาส,"09",เขตพระโขนง,3
นราธิวาส,"11",เขตลาดกระบัง,65
นราธิวาส,"12",เขตยานนาวา,4
นราธิวาส,"14",เขตพญาไท,2
นราธิวาส,"16",เขตบางกอกใหญ่,18
นราธิวาส,"17",เขตห้วยขวาง,4
นราธิวาส,"20",เขตบางกอกน้อย,3
นราธิวาส,"21",เขตบางขุนเทียน,3
นราธิวาส,"24",เขตราษฎร์บูรณะ,2
นราธิวาส,"29",เขตบางซื่อ,5
นราธิวาส,"30",เขตจตุจักร,1
นราธิวาส,"34",เขตสวนหลวง,5
นราธิวาส,"35",เขตจอมทอง,24
นราธิวาส,"45",เขตวังทองหลาง,34
นราธิวาส,"47",เขตบางนา,2
นราธิวาส,"49",เขตทุ่งครุ,19
นราธิวาส,"01",เขตพระนคร,1
นราธิวาส,"03",เขตหนองจอก,5
นราธิวาส,"05",เขตบางเขน,8
นราธิวาส,"15",เขตธนบุรี,2
นราธิวาส,"19",เขตตลิ่งชัน,1
นราธิวาส,"22",เขตภาษีเจริญ,2
นราธิวาส,"26",เขตดินแดง,2
นราธิวาส,"27",เขตบึงกุ่ม,5
นราธิวาส,"31",เขตบางคอแหลม,6
นราธิวาส,"33",เขตคลองเตย,1
นราธิวาส,"39",เขตวัฒนา,6
นราธิวาส,"40",เขตบางแค,2
นราธิวาส,"42",เขตสายไหม,1
นราธิวาส,"44",เขตสะพานสูง,8
น่าน,"22",เขตภาษีเจริญ,4
น่าน,"06",เขตบางกะปิ,2
น่าน,"07",เขตปทุมวัน,1
น่าน,"09",เขตพระโขนง,3
น่าน,"21",เขตบางขุนเทียน,5
น่าน,"26",เขตดินแดง,4
น่าน,"30",เขตจตุจักร,5
น่าน,"31",เขตบางคอแหลม,2
น่าน,"34",เขตสวนหลวง,6
น่าน,"44",เขตสะพานสูง,1
น่าน,"47",เขตบางนา,4
น่าน,"50",เขตบางบอน,1
น่าน,"01",เขตพระนคร,1
น่าน,"03",เขตหนองจอก,8
น่าน,"05",เขตบางเขน,15
น่าน,"11",เขตลาดกระบัง,54
น่าน,"12",เขตยานนาวา,1
น่าน,"13",เขตสัมพันธวงศ์,1
น่าน,"17",เขตห้วยขวาง,8
น่าน,"20",เขตบางกอกน้อย,3
น่าน,"24",เขตราษฎร์บูรณะ,13
น่าน,"27",เขตบึงกุ่ม,7
น่าน,"29",เขตบางซื่อ,11
น่าน,"32",เขตประเวศ,4
น่าน,"33",เขตคลองเตย,1
น่าน,"36",เขตดอนเมือง,2
น่าน,"40",เขตบางแค,4
น่าน,"41",เขตหลักสี่,1
น่าน,"42",เขตสายไหม,4
น่าน,"49",เขตทุ่งครุ,13
บึงกาฬ,"23",เขตหนองแขม,3
บึงกาฬ,"01",เขตพระนคร,2
บึงกาฬ,"02",เขตดุสิต,2
บึงกาฬ,"07",เขตปทุมวัน,5
บึงกาฬ,"11",เขตลาดกระบัง,19
บึงกาฬ,"22",เขตภาษีเจริญ,1
บึงกาฬ,"27",เขตบึงกุ่ม,2
บึงกาฬ,"30",เขตจตุจักร,7
บึงกาฬ,"31",เขตบางคอแหลม,2
บึงกาฬ,"34",เขตสวนหลวง,6
บึงกาฬ,"35",เขตจอมทอง,2
บึงกาฬ,"41",เขตหลักสี่,3
บึงกาฬ,"44",เขตสะพานสูง,1
บึงกาฬ,"47",เขตบางนา,4
บึงกาฬ,"48",เขตทวีวัฒนา,2
บึงกาฬ,"49",เขตทุ่งครุ,29
บึงกาฬ,"50",เขตบางบอน,2
บึงกาฬ,"05",เขตบางเขน,16
บึงกาฬ,"09",เขตพระโขนง,2
บึงกาฬ,"10",เขตมีนบุรี,4
บึงกาฬ,"04",เขตบางรัก,2
บึงกาฬ,"12",เขตยานนาวา,1
บึงกาฬ,"03",เขตหนองจอก,4
บึงกาฬ,"15",เขตธนบุรี,1
บึงกาฬ,"16",เขตบางกอกใหญ่,2
บึงกาฬ,"19",เขตตลิ่งชัน,1
บึงกาฬ,"21",เขตบางขุนเทียน,2
บึงกาฬ,"29",เขตบางซื่อ,13
บึงกาฬ,"33",เขตคลองเตย,2
บึงกาฬ,"40",เขตบางแค,20
บึงกาฬ,"42",เขตสายไหม,2
บุรีรัมย์,"05",เขตบางเขน,28
บุรีรัมย์,"01",เขตพระนคร,3
บุรีรัมย์,"02",เขตดุสิต,25
บุรีรัมย์,"04",เขตบางรัก,7
บุรีรัมย์,"09",เขตพระโขนง,20
บุรีรัมย์,"12",เขตยานนาวา,27
บุรีรัมย์,"15",เขตธนบุรี,13
บุรีรัมย์,"16",เขตบางกอกใหญ่,13
บุรีรัมย์,"18",เขตคลองสาน,37
บุรีรัมย์,"21",เขตบางขุนเทียน,41
บุรีรัมย์,"22",เขตภาษีเจริญ,39
บุรีรัมย์,"27",เขตบึงกุ่ม,14
บุรีรัมย์,"29",เขตบางซื่อ,66
บุรีรัมย์,"33",เขตคลองเตย,16
บุรีรัมย์,"37",เขตราชเทวี,9
บุรีรัมย์,"40",เขตบางแค,21
บุรีรัมย์,"43",เขตคันนายาว,8
บุรีรัมย์,"46",เขตคลองสามวา,25
บุรีรัมย์,"47",เขตบางนา,59
บุรีรัมย์,"50",เขตบางบอน,35
บุรีรัมย์,"06",เขตบางกะปิ,32
บุรีรัมย์,"07",เขตปทุมวัน,12
บุรีรัมย์,"10",เขตมีนบุรี,10
บุรีรัมย์,"11",เขตลาดกระบัง,117
บุรีรัมย์,"13",เขตสัมพันธวงศ์,3
บุรีรัมย์,"14",เขตพญาไท,24
บุรีรัมย์,"17",เขตห้วยขวาง,25
บุรีรัมย์,"19",เขตตลิ่งชัน,10
บุรีรัมย์,"20",เขตบางกอกน้อย,13
บุรีรัมย์,"23",เขตหนองแขม,22
บุรีรัมย์,"24",เขตราษฎร์บูรณะ,29
บุรีรัมย์,"25",เขตบางพลัด,2
บุรีรัมย์,"26",เขตดินแดง,36
บุรีรัมย์,"03",เขตหนองจอก,23
บุรีรัมย์,"28",เขตสาทร,3
บุรีรัมย์,"30",เขตจตุจักร,67
บุรีรัมย์,"31",เขตบางคอแหลม,16
บุรีรัมย์,"32",เขตประเวศ,14
บุรีรัมย์,"34",เขตสวนหลวง,64
บุรีรัมย์,"35",เขตจอมทอง,19
บุรีรัมย์,"39",เขตวัฒนา,31
บุรีรัมย์,"41",เขตหลักสี่,25
บุรีรัมย์,"42",เขตสายไหม,33
บุรีรัมย์,"44",เขตสะพานสูง,18
บุรีรัมย์,"48",เขตทวีวัฒนา,40
บุรีรัมย์,"49",เขตทุ่งครุ,48
ปทุมธานี,"24",เขตราษฎร์บูรณะ,62
ปทุมธานี,"02",เขตดุสิต,40
ปทุมธานี,"03",เขตหนองจอก,57
ปทุมธานี,"04",เขตบางรัก,32
ปทุมธานี,"06",เขตบางกะปิ,52
ปทุมธานี,"07",เขตปทุมวัน,111
ปทุมธานี,"10",เขตมีนบุรี,118
ปทุมธานี,"12",เขตยานนาวา,64
ปทุมธานี,"14",เขตพญาไท,86
ปทุมธานี,"15",เขตธนบุรี,66
ปทุมธานี,"16",เขตบางกอกใหญ่,25
ปทุมธานี,"17",เขตห้วยขวาง,125
ปทุมธานี,"18",เขตคลองสาน,28
ปทุมธานี,"22",เขตภาษีเจริญ,80
ปทุมธานี,"27",เขตบึงกุ่ม,141
ปทุมธานี,"29",เขตบางซื่อ,491
ปทุมธานี,"31",เขตบางคอแหลม,57
ปทุมธานี,"33",เขตคลองเตย,76
ปทุมธานี,"34",เขตสวนหลวง,31
ปทุมธานี,"38",เขตลาดพร้าว,16
ปทุมธานี,"39",เขตวัฒนา,78
ปทุมธานี,"40",เขตบางแค,11
ปทุมธานี,"41",เขตหลักสี่,85
ปทุมธานี,"42",เขตสายไหม,700
ปทุมธานี,"43",เขตคันนายาว,35
ปทุมธานี,"46",เขตคลองสามวา,63
ปทุมธานี,"50",เขตบางบอน,26
ปทุมธานี,"13",เขตสัมพันธวงศ์,1
ปทุมธานี,"01",เขตพระนคร,39
ปทุมธานี,"05",เขตบางเขน,273
ปทุมธานี,"08",เขตป้อมปราบศัตรูพ่าย,1
ปทุมธานี,"09",เขตพระโขนง,31
ปทุมธานี,"11",เขตลาดกระบัง,926
ปทุมธานี,"19",เขตตลิ่งชัน,2
ปทุมธานี,"20",เขตบางกอกน้อย,12
ปทุมธานี,"21",เขตบางขุนเทียน,45
ปทุมธานี,"23",เขตหนองแขม,55
ปทุมธานี,"25",เขตบางพลัด,7
ปทุมธานี,"26",เขตดินแดง,97
ปทุมธานี,"28",เขตสาทร,8
ปทุมธานี,"30",เขตจตุจักร,654
ปทุมธานี,"32",เขตประเวศ,28
ปทุมธานี,"35",เขตจอมทอง,79
ปทุมธานี,"36",เขตดอนเมือง,434
ปทุมธานี,"37",เขตราชเทวี,59
ปทุมธานี,"44",เขตสะพานสูง,48
ปทุมธานี,"45",เขตวังทองหลาง,7
ปทุมธานี,"47",เขตบางนา,274
ปทุมธานี,"48",เขตทวีวัฒนา,32
ปทุมธานี,"49",เขตทุ่งครุ,80
ประจวบคีรีขันธ์,"01",เขตพระนคร,4
ประจวบคีรีขันธ์,"02",เขตดุสิต,8
ประจวบคีรีขันธ์,"03",เขตหนองจอก,1
ประจวบคีรีขันธ์,"04",เขตบางรัก,1
ประจวบคีรีขันธ์,"07",เขตปทุมวัน,8
ประจวบคีรีขันธ์,"10",เขตมีนบุรี,2
ประจวบคีรีขันธ์,"12",เขตยานนาวา,8
ประจวบคีรีขันธ์,"15",เขตธนบุรี,8
ประจวบคีรีขันธ์,"19",เขตตลิ่งชัน,6
ประจวบคีรีขันธ์,"20",เขตบางกอกน้อย,7
ประจวบคีรีขันธ์,"21",เขตบางขุนเทียน,21
ประจวบคีรีขันธ์,"25",เขตบางพลัด,2
ประจวบคีรีขันธ์,"26",เขตดินแดง,29
ประจวบคีรีขันธ์,"27",เขตบึงกุ่ม,31
ประจวบคีรีขันธ์,"29",เขตบางซื่อ,85
ประจวบคีรีขันธ์,"30",เขตจตุจักร,19
ประจวบคีรีขันธ์,"31",เขตบางคอแหลม,2
ประจวบคีรีขันธ์,"33",เขตคลองเตย,37
ประจวบคีรีขันธ์,"38",เขตลาดพร้าว,1
ประจวบคีรีขันธ์,"39",เขตวัฒนา,36
ประจวบคีรีขันธ์,"46",เขตคลองสามวา,1
ประจวบคีรีขันธ์,"47",เขตบางนา,14
ประจวบคีรีขันธ์,"05",เขตบางเขน,25
ประจวบคีรีขันธ์,"06",เขตบางกะปิ,19
ประจวบคีรีขันธ์,"11",เขตลาดกระบัง,93
ประจวบคีรีขันธ์,"13",เขตสัมพันธวงศ์,2
ประจวบคีรีขันธ์,"14",เขตพญาไท,6
ประจวบคีรีขันธ์,"16",เขตบางกอกใหญ่,10
ประจวบคีรีขันธ์,"17",เขตห้วยขวาง,19
ประจวบคีรีขันธ์,"18",เขตคลองสาน,1
ประจวบคีรีขันธ์,"22",เขตภาษีเจริญ,16
ประจวบคีรีขันธ์,"23",เขตหนองแขม,17
ประจวบคีรีขันธ์,"24",เขตราษฎร์บูรณะ,16
ประจวบคีรีขันธ์,"28",เขตสาทร,1
ประจวบคีรีขันธ์,"32",เขตประเวศ,1
ประจวบคีรีขันธ์,"34",เขตสวนหลวง,2
ประจวบคีรีขันธ์,"35",เขตจอมทอง,17
ประจวบคีรีขันธ์,"36",เขตดอนเมือง,18
ประจวบคีรีขันธ์,"37",เขตราชเทวี,13
ประจวบคีรีขันธ์,"40",เขตบางแค,10
ประจวบคีรีขันธ์,"41",เขตหลักสี่,7
ประจวบคีรีขันธ์,"42",เขตสายไหม,12
ประจวบคีรีขันธ์,"44",เขตสะพานสูง,4
ประจวบคีรีขันธ์,"45",เขตวังทองหลาง,1
ประจวบคีรีขันธ์,"48",เขตทวีวัฒนา,25
ประจวบคีรีขันธ์,"49",เขตทุ่งครุ,16
ประจวบคีรีขันธ์,"50",เขตบางบอน,4
ปราจีนบุรี,"08",เขตป้อมปราบศัตรูพ่าย,3
ปราจีนบุรี,"04",เขตบางรัก,4
ปราจีนบุรี,"05",เขตบางเขน,18
ปราจีนบุรี,"07",เขตปทุมวัน,47
ปราจีนบุรี,"09",เขตพระโขนง,29
ปราจีนบุรี,"10",เขตมีนบุรี,17
ปราจีนบุรี,"12",เขตยานนาวา,1
ปราจีนบุรี,"14",เขตพญาไท,29
ปราจีนบุรี,"15",เขตธนบุรี,11
ปราจีนบุรี,"20",เขตบางกอกน้อย,1
ปราจีนบุรี,"25",เขตบางพลัด,8
ปราจีนบุรี,"26",เขตดินแดง,11
ปราจีนบุรี,"30",เขตจตุจักร,58
ปราจีนบุรี,"31",เขตบางคอแหลม,28
ปราจีนบุรี,"32",เขตประเวศ,7
ปราจีนบุรี,"33",เขตคลองเตย,14
ปราจีนบุรี,"35",เขตจอมทอง,61
ปราจีนบุรี,"39",เขตวัฒนา,31
ปราจีนบุรี,"40",เขตบางแค,11
ปราจีนบุรี,"43",เขตคันนายาว,7
ปราจีนบุรี,"44",เขตสะพานสูง,3
ปราจีนบุรี,"46",เขตคลองสามวา,7
ปราจีนบุรี,"50",เขตบางบอน,5
ปราจีนบุรี,"29",เขตบางซื่อ,44
ปราจีนบุรี,"01",เขตพระนคร,8
ปราจีนบุรี,"02",เขตดุสิต,7
ปราจีนบุรี,"03",เขตหนองจอก,20
ปราจีนบุรี,"06",เขตบางกะปิ,3
ปราจีนบุรี,"11",เขตลาดกระบัง,236
ปราจีนบุรี,"16",เขตบางกอกใหญ่,14
ปราจีนบุรี,"17",เขตห้วยขวาง,14
ปราจีนบุรี,"19",เขตตลิ่งชัน,1
ปราจีนบุรี,"21",เขตบางขุนเทียน,26
ปราจีนบุรี,"22",เขตภาษีเจริญ,11
ปราจีนบุรี,"23",เขตหนองแขม,28
ปราจีนบุรี,"24",เขตราษฎร์บูรณะ,43
ปราจีนบุรี,"27",เขตบึงกุ่ม,24
ปราจีนบุรี,"28",เขตสาทร,1
ปราจีนบุรี,"34",เขตสวนหลวง,27
ปราจีนบุรี,"36",เขตดอนเมือง,4
ปราจีนบุรี,"37",เขตราชเทวี,2
ปราจีนบุรี,"41",เขตหลักสี่,9
ปราจีนบุรี,"42",เขตสายไหม,13
ปราจีนบุรี,"47",เขตบางนา,23
ปราจีนบุรี,"49",เขตทุ่งครุ,41
ปัตตานี,"12",เขตยานนาวา,2
ปัตตานี,"02",เขตดุสิต,1
ปัตตานี,"17",เขตห้วยขวาง,2
ปัตตานี,"06",เขตบางกะปิ,23
ปัตตานี,"24",เขตราษฎร์บูรณะ,3
ปัตตานี,"26",เขตดินแดง,20
ปัตตานี,"27",เขตบึงกุ่ม,19
ปัตตานี,"30",เขตจตุจักร,7
ปัตตานี,"31",เขตบางคอแหลม,2
ปัตตานี,"36",เขตดอนเมือง,2
ปัตตานี,"40",เขตบางแค,7
ปัตตานี,"41",เขตหลักสี่,3
ปัตตานี,"42",เขตสายไหม,1
ปัตตานี,"50",เขตบางบอน,2
ปัตตานี,"11",เขตลาดกระบัง,38
ปัตตานี,"16",เขตบางกอกใหญ่,4
ปัตตานี,"10",เขตมีนบุรี,15
ปัตตานี,"18",เขตคลองสาน,4
ปัตตานี,"21",เขตบางขุนเทียน,1
ปัตตานี,"29",เขตบางซื่อ,6
ปัตตานี,"09",เขตพระโขนง,2
ปัตตานี,"44",เขตสะพานสูง,5
ปัตตานี,"15",เขตธนบุรี,1
ปัตตานี,"45",เขตวังทองหลาง,18
ปัตตานี,"49",เขตทุ่งครุ,23
พระนครศรีอยุธยา,"16",เขตบางกอกใหญ่,14
พระนครศรีอยุธยา,"02",เขตดุสิต,35
พระนครศรีอยุธยา,"03",เขตหนองจอก,8
พระนครศรีอยุธยา,"04",เขตบางรัก,19
พระนครศรีอยุธยา,"09",เขตพระโขนง,20
พระนครศรีอยุธยา,"11",เขตลาดกระบัง,370
พระนครศรีอยุธยา,"12",เขตยานนาวา,55
พระนครศรีอยุธยา,"15",เขตธนบุรี,91
พระนครศรีอยุธยา,"17",เขตห้วยขวาง,54
พระนครศรีอยุธยา,"19",เขตตลิ่งชัน,2
พระนครศรีอยุธยา,"20",เขตบางกอกน้อย,50
พระนครศรีอยุธยา,"23",เขตหนองแขม,17
พระนครศรีอยุธยา,"28",เขตสาทร,12
พระนครศรีอยุธยา,"29",เขตบางซื่อ,117
พระนครศรีอยุธยา,"30",เขตจตุจักร,53
พระนครศรีอยุธยา,"35",เขตจอมทอง,90
พระนครศรีอยุธยา,"36",เขตดอนเมือง,49
พระนครศรีอยุธยา,"37",เขตราชเทวี,6
พระนครศรีอยุธยา,"39",เขตวัฒนา,18
พระนครศรีอยุธยา,"40",เขตบางแค,10
พระนครศรีอยุธยา,"41",เขตหลักสี่,16
พระนครศรีอยุธยา,"42",เขตสายไหม,36
พระนครศรีอยุธยา,"45",เขตวังทองหลาง,46
พระนครศรีอยุธยา,"48",เขตทวีวัฒนา,4
พระนครศรีอยุธยา,"50",เขตบางบอน,10
พระนครศรีอยุธยา,"07",เขตปทุมวัน,78
พระนครศรีอยุธยา,"01",เขตพระนคร,29
พระนครศรีอยุธยา,"05",เขตบางเขน,69
พระนครศรีอยุธยา,"06",เขตบางกะปิ,18
พระนครศรีอยุธยา,"10",เขตมีนบุรี,84
พระนครศรีอยุธยา,"14",เขตพญาไท,28
พระนครศรีอยุธยา,"18",เขตคลองสาน,35
พระนครศรีอยุธยา,"21",เขตบางขุนเทียน,12
พระนครศรีอยุธยา,"22",เขตภาษีเจริญ,29
พระนครศรีอยุธยา,"24",เขตราษฎร์บูรณะ,57
พระนครศรีอยุธยา,"25",เขตบางพลัด,30
พระนครศรีอยุธยา,"26",เขตดินแดง,16
พระนครศรีอยุธยา,"27",เขตบึงกุ่ม,39
พระนครศรีอยุธยา,"31",เขตบางคอแหลม,4
พระนครศรีอยุธยา,"32",เขตประเวศ,18
พระนครศรีอยุธยา,"33",เขตคลองเตย,58
พระนครศรีอยุธยา,"34",เขตสวนหลวง,7
พระนครศรีอยุธยา,"43",เขตคันนายาว,7
พระนครศรีอยุธยา,"44",เขตสะพานสูง,14
พระนครศรีอยุธยา,"46",เขตคลองสามวา,32
พระนครศรีอยุธยา,"47",เขตบางนา,27
พระนครศรีอยุธยา,"49",เขตทุ่งครุ,43
พะเยา,"01",เขตพระนคร,2
พะเยา,"02",เขตดุสิต,2
พะเยา,"07",เขตปทุมวัน,4
พะเยา,"11",เขตลาดกระบัง,55
พะเยา,"14",เขตพญาไท,10
พะเยา,"15",เขตธนบุรี,10
พะเยา,"16",เขตบางกอกใหญ่,3
พะเยา,"22",เขตภาษีเจริญ,3
พะเยา,"23",เขตหนองแขม,2
พะเยา,"25",เขตบางพลัด,1
พะเยา,"26",เขตดินแดง,16
พะเยา,"27",เขตบึงกุ่ม,2
พะเยา,"30",เขตจตุจักร,14
พะเยา,"36",เขตดอนเมือง,2
พะเยา,"37",เขตราชเทวี,3
พะเยา,"39",เขตวัฒนา,35
พะเยา,"40",เขตบางแค,5
พะเยา,"42",เขตสายไหม,7
พะเยา,"43",เขตคันนายาว,7
พะเยา,"44",เขตสะพานสูง,10
พะเยา,"46",เขตคลองสามวา,3
พะเยา,"47",เขตบางนา,10
พะเยา,"49",เขตทุ่งครุ,30
พะเยา,"06",เขตบางกะปิ,2
พะเยา,"03",เขตหนองจอก,10
พะเยา,"05",เขตบางเขน,3
พะเยา,"09",เขตพระโขนง,4
พะเยา,"12",เขตยานนาวา,4
พะเยา,"17",เขตห้วยขวาง,3
พะเยา,"20",เขตบางกอกน้อย,3
พะเยา,"21",เขตบางขุนเทียน,8
พะเยา,"24",เขตราษฎร์บูรณะ,11
พะเยา,"28",เขตสาทร,1
พะเยา,"29",เขตบางซื่อ,18
พะเยา,"33",เขตคลองเตย,1
พะเยา,"34",เขตสวนหลวง,5
พะเยา,"35",เขตจอมทอง,4
พะเยา,"38",เขตลาดพร้าว,3
พะเยา,"41",เขตหลักสี่,2
พะเยา,"50",เขตบางบอน,11
พังงา,"23",เขตหนองแขม,1
พังงา,"31",เขตบางคอแหลม,2
พังงา,"14",เขตพญาไท,2
พังงา,"34",เขตสวนหลวง,15
พังงา,"36",เขตดอนเมือง,15
พังงา,"41",เขตหลักสี่,1
พังงา,"42",เขตสายไหม,10
พังงา,"44",เขตสะพานสูง,1
พังงา,"46",เขตคลองสามวา,3
พังงา,"02",เขตดุสิต,2
พังงา,"06",เขตบางกะปิ,5
พังงา,"09",เขตพระโขนง,1
พังงา,"11",เขตลาดกระบัง,54
พังงา,"15",เขตธนบุรี,1
พังงา,"17",เขตห้วยขวาง,1
พังงา,"26",เขตดินแดง,2
พังงา,"27",เขตบึงกุ่ม,3
พังงา,"29",เขตบางซื่อ,10
พังงา,"30",เขตจตุจักร,1
พังงา,"33",เขตคลองเตย,2
พังงา,"39",เขตวัฒนา,2
พังงา,"47",เขตบางนา,1
พังงา,"49",เขตทุ่งครุ,3
พัทลุง,"45",เขตวังทองหลาง,8
พัทลุง,"02",เขตดุสิต,2
พัทลุง,"03",เขตหนองจอก,4
พัทลุง,"04",เขตบางรัก,6
พัทลุง,"11",เขตลาดกระบัง,50
พัทลุง,"16",เขตบางกอกใหญ่,5
พัทลุง,"20",เขตบางกอกน้อย,1
พัทลุง,"21",เขตบางขุนเทียน,9
พัทลุง,"24",เขตราษฎร์บูรณะ,2
พัทลุง,"27",เขตบึงกุ่ม,5
พัทลุง,"28",เขตสาทร,1
พัทลุง,"29",เขตบางซื่อ,12
พัทลุง,"30",เขตจตุจักร,17
พัทลุง,"32",เขตประเวศ,1
พัทลุง,"37",เขตราชเทวี,1
พัทลุง,"40",เขตบางแค,1
พัทลุง,"41",เขตหลักสี่,8
พัทลุง,"09",เขตพระโขนง,1
พัทลุง,"05",เขตบางเขน,39
พัทลุง,"06",เขตบางกะปิ,6
พัทลุง,"12",เขตยานนาวา,2
พัทลุง,"14",เขตพญาไท,3
พัทลุง,"15",เขตธนบุรี,1
พัทลุง,"26",เขตดินแดง,1
พัทลุง,"33",เขตคลองเตย,1
พัทลุง,"42",เขตสายไหม,17
พัทลุง,"44",เขตสะพานสูง,1
พัทลุง,"47",เขตบางนา,2
พัทลุง,"48",เขตทวีวัฒนา,4
พัทลุง,"49",เขตทุ่งครุ,5
พัทลุง,"50",เขตบางบอน,1
พิจิตร,"19",เขตตลิ่งชัน,18
พิจิตร,"03",เขตหนองจอก,12
พิจิตร,"11",เขตลาดกระบัง,76
พิจิตร,"12",เขตยานนาวา,41
พิจิตร,"14",เขตพญาไท,36
พิจิตร,"16",เขตบางกอกใหญ่,6
พิจิตร,"17",เขตห้วยขวาง,3
พิจิตร,"20",เขตบางกอกน้อย,1
พิจิตร,"22",เขตภาษีเจริญ,18
พิจิตร,"26",เขตดินแดง,25
พิจิตร,"30",เขตจตุจักร,23
พิจิตร,"31",เขตบางคอแหลม,4
พิจิตร,"32",เขตประเวศ,15
พิจิตร,"34",เขตสวนหลวง,5
พิจิตร,"35",เขตจอมทอง,4
พิจิตร,"40",เขตบางแค,12
พิจิตร,"42",เขตสายไหม,12
พิจิตร,"44",เขตสะพานสูง,3
พิจิตร,"47",เขตบางนา,2
พิจิตร,"49",เขตทุ่งครุ,20
พิจิตร,"50",เขตบางบอน,13
พิจิตร,"06",เขตบางกะปิ,18
พิจิตร,"07",เขตปทุมวัน,1
พิจิตร,"02",เขตดุสิต,2
พิจิตร,"08",เขตป้อมปราบศัตรูพ่าย,4
พิจิตร,"09",เขตพระโขนง,2
พิจิตร,"10",เขตมีนบุรี,2
พิจิตร,"15",เขตธนบุรี,19
พิจิตร,"18",เขตคลองสาน,2
พิจิตร,"23",เขตหนองแขม,32
พิจิตร,"24",เขตราษฎร์บูรณะ,41
พิจิตร,"27",เขตบึงกุ่ม,6
พิจิตร,"29",เขตบางซื่อ,90
พิจิตร,"33",เขตคลองเตย,8
พิจิตร,"36",เขตดอนเมือง,5
พิจิตร,"38",เขตลาดพร้าว,6
พิจิตร,"39",เขตวัฒนา,7
พิจิตร,"41",เขตหลักสี่,8
พิจิตร,"43",เขตคันนายาว,1
พิจิตร,"46",เขตคลองสามวา,7
พิจิตร,"48",เขตทวีวัฒนา,2
พิจิตร,"05",เขตบางเขน,13
พิษณุโลก,"50",เขตบางบอน,4
พิษณุโลก,"04",เขตบางรัก,2
พิษณุโลก,"05",เขตบางเขน,23
พิษณุโลก,"06",เขตบางกะปิ,5
พิษณุโลก,"09",เขตพระโขนง,26
พิษณุโลก,"11",เขตลาดกระบัง,70
พิษณุโลก,"12",เขตยานนาวา,2
พิษณุโลก,"14",เขตพญาไท,19
พิษณุโลก,"15",เขตธนบุรี,3
พิษณุโลก,"16",เขตบางกอกใหญ่,2
พิษณุโลก,"17",เขตห้วยขวาง,10
พิษณุโลก,"24",เขตราษฎร์บูรณะ,10
พิษณุโลก,"29",เขตบางซื่อ,92
พิษณุโลก,"31",เขตบางคอแหลม,17
พิษณุโลก,"32",เขตประเวศ,12
พิษณุโลก,"33",เขตคลองเตย,15
พิษณุโลก,"34",เขตสวนหลวง,11
พิษณุโลก,"35",เขตจอมทอง,3
พิษณุโลก,"38",เขตลาดพร้าว,2
พิษณุโลก,"41",เขตหลักสี่,4
พิษณุโลก,"43",เขตคันนายาว,2
พิษณุโลก,"44",เขตสะพานสูง,2
พิษณุโลก,"46",เขตคลองสามวา,5
พิษณุโลก,"48",เขตทวีวัฒนา,8
พิษณุโลก,"03",เขตหนองจอก,6
พิษณุโลก,"07",เขตปทุมวัน,4
พิษณุโลก,"01",เขตพระนคร,4
พิษณุโลก,"13",เขตสัมพันธวงศ์,2
พิษณุโลก,"19",เขตตลิ่งชัน,8
พิษณุโลก,"21",เขตบางขุนเทียน,16
พิษณุโลก,"22",เขตภาษีเจริญ,6
พิษณุโลก,"23",เขตหนองแขม,11
พิษณุโลก,"25",เขตบางพลัด,3
พิษณุโลก,"26",เขตดินแดง,15
พิษณุโลก,"27",เขตบึงกุ่ม,6
พิษณุโลก,"30",เขตจตุจักร,17
พิษณุโลก,"36",เขตดอนเมือง,3
พิษณุโลก,"39",เขตวัฒนา,10
พิษณุโลก,"40",เขตบางแค,11
พิษณุโลก,"42",เขตสายไหม,3
พิษณุโลก,"45",เขตวังทองหลาง,15
พิษณุโลก,"47",เขตบางนา,27
พิษณุโลก,"49",เขตทุ่งครุ,24
ภูเก็ต,"09",เขตพระโขนง,1
ภูเก็ต,"15",เขตธนบุรี,1
ภูเก็ต,"16",เขตบางกอกใหญ่,1
ภูเก็ต,"20",เขตบางกอกน้อย,2
ภูเก็ต,"23",เขตหนองแขม,4
ภูเก็ต,"25",เขตบางพลัด,2
ภูเก็ต,"27",เขตบึงกุ่ม,18
ภูเก็ต,"31",เขตบางคอแหลม,2
ภูเก็ต,"35",เขตจอมทอง,3
ภูเก็ต,"41",เขตหลักสี่,1
ภูเก็ต,"42",เขตสายไหม,2
ภูเก็ต,"49",เขตทุ่งครุ,1
ภูเก็ต,"05",เขตบางเขน,5
ภูเก็ต,"06",เขตบางกะปิ,2
ภูเก็ต,"03",เขตหนองจอก,4
ภูเก็ต,"11",เขตลาดกระบัง,148
ภูเก็ต,"12",เขตยานนาวา,2
ภูเก็ต,"17",เขตห้วยขวาง,2
ภูเก็ต,"22",เขตภาษีเจริญ,4
ภูเก็ต,"24",เขตราษฎร์บูรณะ,5
ภูเก็ต,"26",เขตดินแดง,5
ภูเก็ต,"28",เขตสาทร,1
ภูเก็ต,"29",เขตบางซื่อ,27
ภูเก็ต,"30",เขตจตุจักร,3
ภูเก็ต,"33",เขตคลองเตย,2
ภูเก็ต,"34",เขตสวนหลวง,3
ภูเก็ต,"37",เขตราชเทวี,1
ภูเก็ต,"39",เขตวัฒนา,13
ภูเก็ต,"40",เขตบางแค,1
ภูเก็ต,"44",เขตสะพานสูง,1
ภูเก็ต,"46",เขตคลองสามวา,3
ภูเก็ต,"48",เขตทวีวัฒนา,2
มหาสารคาม,"09",เขตพระโขนง,12
มหาสารคาม,"06",เขตบางกะปิ,16
มหาสารคาม,"07",เขตปทุมวัน,7
มหาสารคาม,"11",เขตลาดกระบัง,95
มหาสารคาม,"13",เขตสัมพันธวงศ์,2
มหาสารคาม,"20",เขตบางกอกน้อย,4
มหาสารคาม,"21",เขตบางขุนเทียน,31
มหาสารคาม,"22",เขตภาษีเจริญ,9
มหาสารคาม,"23",เขตหนองแขม,63
มหาสารคาม,"24",เขตราษฎร์บูรณะ,23
มหาสารคาม,"26",เขตดินแดง,25
มหาสารคาม,"27",เขตบึงกุ่ม,16
มหาสารคาม,"29",เขตบางซื่อ,139
มหาสารคาม,"30",เขตจตุจักร,37
มหาสารคาม,"31",เขตบางคอแหลม,10
มหาสารคาม,"34",เขตสวนหลวง,6
มหาสารคาม,"36",เขตดอนเมือง,5
มหาสารคาม,"37",เขตราชเทวี,2
มหาสารคาม,"40",เขตบางแค,14
มหาสารคาม,"41",เขตหลักสี่,13
มหาสารคาม,"44",เขตสะพานสูง,19
มหาสารคาม,"45",เขตวังทองหลาง,1
มหาสารคาม,"46",เขตคลองสามวา,22
มหาสารคาม,"47",เขตบางนา,24
มหาสารคาม,"03",เขตหนองจอก,32
มหาสารคาม,"01",เขตพระนคร,7
มหาสารคาม,"02",เขตดุสิต,3
มหาสารคาม,"04",เขตบางรัก,10
มหาสารคาม,"05",เขตบางเขน,30
มหาสารคาม,"10",เขตมีนบุรี,16
มหาสารคาม,"12",เขตยานนาวา,7
มหาสารคาม,"14",เขตพญาไท,17
มหาสารคาม,"15",เขตธนบุรี,19
มหาสารคาม,"16",เขตบางกอกใหญ่,6
มหาสารคาม,"17",เขตห้วยขวาง,7
มหาสารคาม,"18",เขตคลองสาน,8
มหาสารคาม,"25",เขตบางพลัด,4
มหาสารคาม,"32",เขตประเวศ,11
มหาสารคาม,"33",เขตคลองเตย,10
มหาสารคาม,"35",เขตจอมทอง,41
มหาสารคาม,"38",เขตลาดพร้าว,2
มหาสารคาม,"39",เขตวัฒนา,44
มหาสารคาม,"42",เขตสายไหม,46
มหาสารคาม,"43",เขตคันนายาว,2
มหาสารคาม,"48",เขตทวีวัฒนา,3
มหาสารคาม,"49",เขตทุ่งครุ,19
มหาสารคาม,"50",เขตบางบอน,11
มุกดาหาร,"04",เขตบางรัก,3
มุกดาหาร,"08",เขตป้อมปราบศัตรูพ่าย,2
มุกดาหาร,"09",เขตพระโขนง,15
มุกดาหาร,"11",เขตลาดกระบัง,58
มุกดาหาร,"12",เขตยานนาวา,5
มุกดาหาร,"20",เขตบางกอกน้อย,2
มุกดาหาร,"25",เขตบางพลัด,3
มุกดาหาร,"27",เขตบึงกุ่ม,6
มุกดาหาร,"33",เขตคลองเตย,6
มุกดาหาร,"34",เขตสวนหลวง,8
มุกดาหาร,"40",เขตบางแค,6
มุกดาหาร,"49",เขตทุ่งครุ,2
มุกดาหาร,"41",เขตหลักสี่,1
มุกดาหาร,"01",เขตพระนคร,2
มุกดาหาร,"02",เขตดุสิต,2
มุกดาหาร,"03",เขตหนองจอก,6
มุกดาหาร,"05",เขตบางเขน,16
มุกดาหาร,"06",เขตบางกะปิ,1
มุกดาหาร,"07",เขตปทุมวัน,1
มุกดาหาร,"14",เขตพญาไท,6
มุกดาหาร,"16",เขตบางกอกใหญ่,4
มุกดาหาร,"17",เขตห้วยขวาง,3
มุกดาหาร,"21",เขตบางขุนเทียน,1
มุกดาหาร,"22",เขตภาษีเจริญ,6
มุกดาหาร,"23",เขตหนองแขม,1
มุกดาหาร,"24",เขตราษฎร์บูรณะ,2
มุกดาหาร,"26",เขตดินแดง,8
มุกดาหาร,"29",เขตบางซื่อ,8
มุกดาหาร,"30",เขตจตุจักร,3
มุกดาหาร,"31",เขตบางคอแหลม,2
มุกดาหาร,"35",เขตจอมทอง,16
มุกดาหาร,"36",เขตดอนเมือง,1
มุกดาหาร,"39",เขตวัฒนา,3
มุกดาหาร,"42",เขตสายไหม,1
มุกดาหาร,"44",เขตสะพานสูง,6
มุกดาหาร,"46",เขตคลองสามวา,1
มุกดาหาร,"47",เขตบางนา,7
มุกดาหาร,"50",เขตบางบอน,8
ยะลา,"21",เขตบางขุนเทียน,1
ยะลา,"29",เขตบางซื่อ,8
ยะลา,"33",เขตคลองเตย,2
ยะลา,"34",เขตสวนหลวง,6
ยะลา,"01",เขตพระนคร,2
ยะลา,"37",เขตราชเทวี,3
ยะลา,"03",เขตหนองจอก,1
ยะลา,"40",เขตบางแค,10
ยะลา,"07",เขตปทุมวัน,2
ยะลา,"41",เขตหลักสี่,3
ยะลา,"11",เขตลาดกระบัง,44
ยะลา,"47",เขตบางนา,6
ยะลา,"48",เขตทวีวัฒนา,2
ยะลา,"49",เขตทุ่งครุ,11
ยะลา,"20",เขตบางกอกน้อย,3
ยะลา,"36",เขตดอนเมือง,1
ยะลา,"04",เขตบางรัก,7
ยะลา,"06",เขตบางกะปิ,21
ยะลา,"09",เขตพระโขนง,1
ยะลา,"15",เขตธนบุรี,2
ยะลา,"17",เขตห้วยขวาง,5
ยะลา,"18",เขตคลองสาน,2
ยะลา,"23",เขตหนองแขม,5
ยะลา,"24",เขตราษฎร์บูรณะ,3
ยะลา,"26",เขตดินแดง,2
ยะลา,"27",เขตบึงกุ่ม,7
ยะลา,"30",เขตจตุจักร,5
ยะลา,"31",เขตบางคอแหลม,1
ยะลา,"35",เขตจอมทอง,5
ยะลา,"38",เขตลาดพร้าว,1
ยะลา,"39",เขตวัฒนา,6
ยะลา,"43",เขตคันนายาว,1
ยะลา,"44",เขตสะพานสูง,1
ยะลา,"45",เขตวังทองหลาง,11
ยโสธร,"06",เขตบางกะปิ,10
ยโสธร,"11",เขตลาดกระบัง,34
ยโสธร,"12",เขตยานนาวา,21
ยโสธร,"15",เขตธนบุรี,9
ยโสธร,"17",เขตห้วยขวาง,38
ยโสธร,"23",เขตหนองแขม,9
ยโสธร,"26",เขตดินแดง,22
ยโสธร,"29",เขตบางซื่อ,125
ยโสธร,"31",เขตบางคอแหลม,29
ยโสธร,"32",เขตประเวศ,6
ยโสธร,"33",เขตคลองเตย,6
ยโสธร,"34",เขตสวนหลวง,30
ยโสธร,"08",เขตป้อมปราบศัตรูพ่าย,1
ยโสธร,"38",เขตลาดพร้าว,3
ยโสธร,"40",เขตบางแค,15
ยโสธร,"41",เขตหลักสี่,7
ยโสธร,"46",เขตคลองสามวา,1
ยโสธร,"04",เขตบางรัก,3
ยโสธร,"01",เขตพระนคร,7
ยโสธร,"49",เขตทุ่งครุ,35
ยโสธร,"02",เขตดุสิต,13
ยโสธร,"03",เขตหนองจอก,18
ยโสธร,"05",เขตบางเขน,18
ยโสธร,"07",เขตปทุมวัน,4
ยโสธร,"09",เขตพระโขนง,12
ยโสธร,"10",เขตมีนบุรี,2
ยโสธร,"13",เขตสัมพันธวงศ์,7
ยโสธร,"14",เขตพญาไท,18
ยโสธร,"16",เขตบางกอกใหญ่,5
ยโสธร,"18",เขตคลองสาน,12
ยโสธร,"20",เขตบางกอกน้อย,4
ยโสธร,"21",เขตบางขุนเทียน,36
ยโสธร,"22",เขตภาษีเจริญ,18
ยโสธร,"24",เขตราษฎร์บูรณะ,8
ยโสธร,"25",เขตบางพลัด,4
ยโสธร,"27",เขตบึงกุ่ม,19
ยโสธร,"30",เขตจตุจักร,52
ยโสธร,"35",เขตจอมทอง,12
ยโสธร,"36",เขตดอนเมือง,19
ยโสธร,"37",เขตราชเทวี,5
ยโสธร,"39",เขตวัฒนา,19
ยโสธร,"42",เขตสายไหม,10
ยโสธร,"44",เขตสะพานสูง,14
ยโสธร,"47",เขตบางนา,39
ยโสธร,"48",เขตทวีวัฒนา,2
ยโสธร,"50",เขตบางบอน,6
ระนอง,"19",เขตตลิ่งชัน,2
ระนอง,"25",เขตบางพลัด,2
ระนอง,"26",เขตดินแดง,2
ระนอง,"27",เขตบึงกุ่ม,18
ระนอง,"11",เขตลาดกระบัง,35
ระนอง,"30",เขตจตุจักร,9
ระนอง,"32",เขตประเวศ,4
ระนอง,"33",เขตคลองเตย,2
ระนอง,"34",เขตสวนหลวง,24
ระนอง,"36",เขตดอนเมือง,3
ระนอง,"39",เขตวัฒนา,11
ระนอง,"40",เขตบางแค,2
ระนอง,"47",เขตบางนา,3
ระนอง,"48",เขตทวีวัฒนา,4
ระนอง,"49",เขตทุ่งครุ,1
ระนอง,"15",เขตธนบุรี,2
ระนอง,"21",เขตบางขุนเทียน,3
ระนอง,"22",เขตภาษีเจริญ,1
ระนอง,"24",เขตราษฎร์บูรณะ,1
ระนอง,"50",เขตบางบอน,2
ระนอง,"29",เขตบางซื่อ,4
ระนอง,"31",เขตบางคอแหลม,2
ระนอง,"06",เขตบางกะปิ,2
ระนอง,"42",เขตสายไหม,2
ระยอง,"26",เขตดินแดง,8
ระยอง,"02",เขตดุสิต,4
ระยอง,"03",เขตหนองจอก,20
ระยอง,"05",เขตบางเขน,1
ระยอง,"06",เขตบางกะปิ,5
ระยอง,"11",เขตลาดกระบัง,431
ระยอง,"12",เขตยานนาวา,3
ระยอง,"13",เขตสัมพันธวงศ์,1
ระยอง,"14",เขตพญาไท,14
ระยอง,"16",เขตบางกอกใหญ่,11
ระยอง,"18",เขตคลองสาน,1
ระยอง,"19",เขตตลิ่งชัน,2
ระยอง,"25",เขตบางพลัด,3
ระยอง,"28",เขตสาทร,4
ระยอง,"30",เขตจตุจักร,40
ระยอง,"31",เขตบางคอแหลม,2
ระยอง,"35",เขตจอมทอง,4
ระยอง,"36",เขตดอนเมือง,6
ระยอง,"37",เขตราชเทวี,3
ระยอง,"38",เขตลาดพร้าว,2
ระยอง,"45",เขตวังทองหลาง,4
ระยอง,"46",เขตคลองสามวา,6
ระยอง,"48",เขตทวีวัฒนา,1
ระยอง,"49",เขตทุ่งครุ,35
ระยอง,"50",เขตบางบอน,14
ระยอง,"15",เขตธนบุรี,11
ระยอง,"01",เขตพระนคร,8
ระยอง,"07",เขตปทุมวัน,12
ระยอง,"09",เขตพระโขนง,9
ระยอง,"10",เขตมีนบุรี,12
ระยอง,"17",เขตห้วยขวาง,5
ระยอง,"20",เขตบางกอกน้อย,6
ระยอง,"21",เขตบางขุนเทียน,8
ระยอง,"22",เขตภาษีเจริญ,17
ระยอง,"23",เขตหนองแขม,4
ระยอง,"24",เขตราษฎร์บูรณะ,50
ระยอง,"27",เขตบึงกุ่ม,11
ระยอง,"29",เขตบางซื่อ,48
ระยอง,"32",เขตประเวศ,4
ระยอง,"33",เขตคลองเตย,6
ระยอง,"34",เขตสวนหลวง,13
ระยอง,"39",เขตวัฒนา,25
ระยอง,"40",เขตบางแค,3
ระยอง,"41",เขตหลักสี่,11
ระยอง,"42",เขตสายไหม,6
ระยอง,"43",เขตคันนายาว,16
ระยอง,"44",เขตสะพานสูง,12
ระยอง,"47",เขตบางนา,25
ราชบุรี,"21",เขตบางขุนเทียน,86
ราชบุรี,"01",เขตพระนคร,33
ราชบุรี,"02",เขตดุสิต,29
ราชบุรี,"03",เขตหนองจอก,13
ราชบุรี,"04",เขตบางรัก,25
ราชบุรี,"10",เขตมีนบุรี,12
ราชบุรี,"11",เขตลาดกระบัง,486
ราชบุรี,"15",เขตธนบุรี,105
ราชบุรี,"17",เขตห้วยขวาง,62
ราชบุรี,"18",เขตคลองสาน,16
ราชบุรี,"20",เขตบางกอกน้อย,39
ราชบุรี,"22",เขตภาษีเจริญ,33
ราชบุรี,"26",เขตดินแดง,16
ราชบุรี,"29",เขตบางซื่อ,107
ราชบุรี,"31",เขตบางคอแหลม,13
ราชบุรี,"34",เขตสวนหลวง,8
ราชบุรี,"35",เขตจอมทอง,35
ราชบุรี,"36",เขตดอนเมือง,3
ราชบุรี,"39",เขตวัฒนา,27
ราชบุรี,"43",เขตคันนายาว,3
ราชบุรี,"46",เขตคลองสามวา,13
ราชบุรี,"05",เขตบางเขน,30
ราชบุรี,"06",เขตบางกะปิ,16
ราชบุรี,"07",เขตปทุมวัน,16
ราชบุรี,"09",เขตพระโขนง,37
ราชบุรี,"12",เขตยานนาวา,15
ราชบุรี,"14",เขตพญาไท,74
ราชบุรี,"16",เขตบางกอกใหญ่,51
ราชบุรี,"19",เขตตลิ่งชัน,12
ราชบุรี,"23",เขตหนองแขม,16
ราชบุรี,"24",เขตราษฎร์บูรณะ,77
ราชบุรี,"25",เขตบางพลัด,6
ราชบุรี,"27",เขตบึงกุ่ม,22
ราชบุรี,"28",เขตสาทร,4
ราชบุรี,"30",เขตจตุจักร,52
ราชบุรี,"32",เขตประเวศ,13
ราชบุรี,"33",เขตคลองเตย,26
ราชบุรี,"37",เขตราชเทวี,6
ราชบุรี,"38",เขตลาดพร้าว,4
ราชบุรี,"40",เขตบางแค,34
ราชบุรี,"41",เขตหลักสี่,2
ราชบุรี,"42",เขตสายไหม,44
ราชบุรี,"44",เขตสะพานสูง,26
ราชบุรี,"45",เขตวังทองหลาง,2
ราชบุรี,"47",เขตบางนา,27
ราชบุรี,"48",เขตทวีวัฒนา,23
ราชบุรี,"49",เขตทุ่งครุ,68
ราชบุรี,"50",เขตบางบอน,57
ร้อยเอ็ด,"07",เขตปทุมวัน,39
ร้อยเอ็ด,"04",เขตบางรัก,15
ร้อยเอ็ด,"08",เขตป้อมปราบศัตรูพ่าย,3
ร้อยเอ็ด,"09",เขตพระโขนง,30
ร้อยเอ็ด,"10",เขตมีนบุรี,3
ร้อยเอ็ด,"11",เขตลาดกระบัง,143
ร้อยเอ็ด,"12",เขตยานนาวา,40
ร้อยเอ็ด,"13",เขตสัมพันธวงศ์,7
ร้อยเอ็ด,"14",เขตพญาไท,55
ร้อยเอ็ด,"18",เขตคลองสาน,95
ร้อยเอ็ด,"20",เขตบางกอกน้อย,11
ร้อยเอ็ด,"21",เขตบางขุนเทียน,65
ร้อยเอ็ด,"24",เขตราษฎร์บูรณะ,117
ร้อยเอ็ด,"27",เขตบึงกุ่ม,31
ร้อยเอ็ด,"29",เขตบางซื่อ,193
ร้อยเอ็ด,"30",เขตจตุจักร,93
ร้อยเอ็ด,"31",เขตบางคอแหลม,28
ร้อยเอ็ด,"32",เขตประเวศ,26
ร้อยเอ็ด,"34",เขตสวนหลวง,52
ร้อยเอ็ด,"36",เขตดอนเมือง,25
ร้อยเอ็ด,"40",เขตบางแค,37
ร้อยเอ็ด,"42",เขตสายไหม,30
ร้อยเอ็ด,"44",เขตสะพานสูง,46
ร้อยเอ็ด,"49",เขตทุ่งครุ,76
ร้อยเอ็ด,"50",เขตบางบอน,53
ร้อยเอ็ด,"02",เขตดุสิต,39
ร้อยเอ็ด,"03",เขตหนองจอก,18
ร้อยเอ็ด,"05",เขตบางเขน,30
ร้อยเอ็ด,"06",เขตบางกะปิ,27
ร้อยเอ็ด,"15",เขตธนบุรี,34
ร้อยเอ็ด,"16",เขตบางกอกใหญ่,70
ร้อยเอ็ด,"17",เขตห้วยขวาง,38
ร้อยเอ็ด,"19",เขตตลิ่งชัน,19
ร้อยเอ็ด,"22",เขตภาษีเจริญ,57
ร้อยเอ็ด,"23",เขตหนองแขม,45
ร้อยเอ็ด,"25",เขตบางพลัด,3
ร้อยเอ็ด,"26",เขตดินแดง,71
ร้อยเอ็ด,"28",เขตสาทร,15
ร้อยเอ็ด,"33",เขตคลองเตย,50
ร้อยเอ็ด,"35",เขตจอมทอง,49
ร้อยเอ็ด,"01",เขตพระนคร,27
ร้อยเอ็ด,"37",เขตราชเทวี,10
ร้อยเอ็ด,"38",เขตลาดพร้าว,5
ร้อยเอ็ด,"39",เขตวัฒนา,39
ร้อยเอ็ด,"41",เขตหลักสี่,11
ร้อยเอ็ด,"43",เขตคันนายาว,11
ร้อยเอ็ด,"46",เขตคลองสามวา,7
ร้อยเอ็ด,"47",เขตบางนา,55
ร้อยเอ็ด,"48",เขตทวีวัฒนา,13
ลพบุรี,"25",เขตบางพลัด,6
ลพบุรี,"01",เขตพระนคร,11
ลพบุรี,"02",เขตดุสิต,5
ลพบุรี,"03",เขตหนองจอก,14
ลพบุรี,"04",เขตบางรัก,1
ลพบุรี,"06",เขตบางกะปิ,15
ลพบุรี,"10",เขตมีนบุรี,14
ลพบุรี,"13",เขตสัมพันธวงศ์,2
ลพบุรี,"14",เขตพญาไท,18
ลพบุรี,"15",เขตธนบุรี,34
ลพบุรี,"16",เขตบางกอกใหญ่,9
ลพบุรี,"19",เขตตลิ่งชัน,10
ลพบุรี,"20",เขตบางกอกน้อย,22
ลพบุรี,"21",เขตบางขุนเทียน,8
ลพบุรี,"22",เขตภาษีเจริญ,11
ลพบุรี,"24",เขตราษฎร์บูรณะ,63
ลพบุรี,"26",เขตดินแดง,15
ลพบุรี,"27",เขตบึงกุ่ม,30
ลพบุรี,"32",เขตประเวศ,18
ลพบุรี,"35",เขตจอมทอง,42
ลพบุรี,"37",เขตราชเทวี,17
ลพบุรี,"41",เขตหลักสี่,12
ลพบุรี,"42",เขตสายไหม,22
ลพบุรี,"43",เขตคันนายาว,2
ลพบุรี,"47",เขตบางนา,19
ลพบุรี,"07",เขตปทุมวัน,28
ลพบุรี,"08",เขตป้อมปราบศัตรูพ่าย,5
ลพบุรี,"09",เขตพระโขนง,83
ลพบุรี,"11",เขตลาดกระบัง,161
ลพบุรี,"12",เขตยานนาวา,33
ลพบุรี,"17",เขตห้วยขวาง,18
ลพบุรี,"05",เขตบางเขน,2
ลพบุรี,"23",เขตหนองแขม,4
ลพบุรี,"28",เขตสาทร,4
ลพบุรี,"29",เขตบางซื่อ,126
ลพบุรี,"30",เขตจตุจักร,42
ลพบุรี,"31",เขตบางคอแหลม,18
ลพบุรี,"33",เขตคลองเตย,62
ลพบุรี,"34",เขตสวนหลวง,20
ลพบุรี,"36",เขตดอนเมือง,39
ลพบุรี,"38",เขตลาดพร้าว,2
ลพบุรี,"39",เขตวัฒนา,13
ลพบุรี,"40",เขตบางแค,6
ลพบุรี,"44",เขตสะพานสูง,22
ลพบุรี,"46",เขตคลองสามวา,20
ลพบุรี,"48",เขตทวีวัฒนา,2
ลพบุรี,"49",เขตทุ่งครุ,19
ลพบุรี,"50",เขตบางบอน,18
ลำปาง,"21",เขตบางขุนเทียน,2
ลำปาง,"03",เขตหนองจอก,7
ลำปาง,"05",เขตบางเขน,10
ลำปาง,"12",เขตยานนาวา,3
ลำปาง,"14",เขตพญาไท,15
ลำปาง,"15",เขตธนบุรี,10
ลำปาง,"20",เขตบางกอกน้อย,5
ลำปาง,"26",เขตดินแดง,8
ลำปาง,"28",เขตสาทร,1
ลำปาง,"29",เขตบางซื่อ,65
ลำปาง,"30",เขตจตุจักร,32
ลำปาง,"31",เขตบางคอแหลม,2
ลำปาง,"34",เขตสวนหลวง,7
ลำปาง,"36",เขตดอนเมือง,38
ลำปาง,"41",เขตหลักสี่,3
ลำปาง,"44",เขตสะพานสูง,1
ลำปาง,"46",เขตคลองสามวา,9
ลำปาง,"47",เขตบางนา,2
ลำปาง,"49",เขตทุ่งครุ,9
ลำปาง,"06",เขตบางกะปิ,2
ลำปาง,"07",เขตปทุมวัน,5
ลำปาง,"09",เขตพระโขนง,2
ลำปาง,"11",เขตลาดกระบัง,112
ลำปาง,"16",เขตบางกอกใหญ่,3
ลำปาง,"17",เขตห้วยขวาง,4
ลำปาง,"18",เขตคลองสาน,57
ลำปาง,"19",เขตตลิ่งชัน,2
ลำปาง,"22",เขตภาษีเจริญ,3
ลำปาง,"24",เขตราษฎร์บูรณะ,15
ลำปาง,"27",เขตบึงกุ่ม,27
ลำปาง,"32",เขตประเวศ,2
ลำปาง,"33",เขตคลองเตย,5
ลำปาง,"35",เขตจอมทอง,1
ลำปาง,"40",เขตบางแค,30
ลำปาง,"42",เขตสายไหม,22
ลำปาง,"50",เขตบางบอน,3
ลำพูน,"03",เขตหนองจอก,2
ลำพูน,"10",เขตมีนบุรี,2
ลำพูน,"11",เขตลาดกระบัง,37
ลำพูน,"14",เขตพญาไท,2
ลำพูน,"15",เขตธนบุรี,4
ลำพูน,"17",เขตห้วยขวาง,5
ลำพูน,"22",เขตภาษีเจริญ,2
ลำพูน,"24",เขตราษฎร์บูรณะ,3
ลำพูน,"29",เขตบางซื่อ,12
ลำพูน,"35",เขตจอมทอง,9
ลำพูน,"39",เขตวัฒนา,6
ลำพูน,"41",เขตหลักสี่,1
ลำพูน,"43",เขตคันนายาว,2
ลำพูน,"01",เขตพระนคร,1
ลำพูน,"04",เขตบางรัก,1
ลำพูน,"06",เขตบางกะปิ,1
ลำพูน,"09",เขตพระโขนง,1
ลำพูน,"12",เขตยานนาวา,1
ลำพูน,"28",เขตสาทร,1
ลำพูน,"30",เขตจตุจักร,2
ลำพูน,"32",เขตประเวศ,1
ลำพูน,"33",เขตคลองเตย,1
ลำพูน,"34",เขตสวนหลวง,2
ลำพูน,"36",เขตดอนเมือง,20
ลำพูน,"42",เขตสายไหม,15
ลำพูน,"44",เขตสะพานสูง,4
ลำพูน,"47",เขตบางนา,3
ลำพูน,"49",เขตทุ่งครุ,6
ลำพูน,"50",เขตบางบอน,1
ศรีสะเกษ,"40",เขตบางแค,62
ศรีสะเกษ,"03",เขตหนองจอก,14
ศรีสะเกษ,"04",เขตบางรัก,30
ศรีสะเกษ,"05",เขตบางเขน,34
ศรีสะเกษ,"07",เขตปทุมวัน,37
ศรีสะเกษ,"10",เขตมีนบุรี,13
ศรีสะเกษ,"12",เขตยานนาวา,40
ศรีสะเกษ,"13",เขตสัมพันธวงศ์,11
ศรีสะเกษ,"14",เขตพญาไท,12
ศรีสะเกษ,"15",เขตธนบุรี,25
ศรีสะเกษ,"16",เขตบางกอกใหญ่,14
ศรีสะเกษ,"17",เขตห้วยขวาง,22
ศรีสะเกษ,"18",เขตคลองสาน,11
ศรีสะเกษ,"21",เขตบางขุนเทียน,50
ศรีสะเกษ,"23",เขตหนองแขม,45
ศรีสะเกษ,"24",เขตราษฎร์บูรณะ,74
ศรีสะเกษ,"28",เขตสาทร,2
ศรีสะเกษ,"30",เขตจตุจักร,43
ศรีสะเกษ,"31",เขตบางคอแหลม,46
ศรีสะเกษ,"41",เขตหลักสี่,15
ศรีสะเกษ,"43",เขตคันนายาว,12
ศรีสะเกษ,"44",เขตสะพานสูง,37
ศรีสะเกษ,"46",เขตคลองสามวา,22
ศรีสะเกษ,"47",เขตบางนา,79
ศรีสะเกษ,"48",เขตทวีวัฒนา,45
ศรีสะเกษ,"26",เขตดินแดง,29
ศรีสะเกษ,"01",เขตพระนคร,8
ศรีสะเกษ,"02",เขตดุสิต,42
ศรีสะเกษ,"06",เขตบางกะปิ,17
ศรีสะเกษ,"09",เขตพระโขนง,11
ศรีสะเกษ,"11",เขตลาดกระบัง,158
ศรีสะเกษ,"19",เขตตลิ่งชัน,1
ศรีสะเกษ,"20",เขตบางกอกน้อย,10
ศรีสะเกษ,"22",เขตภาษีเจริญ,61
ศรีสะเกษ,"25",เขตบางพลัด,3
ศรีสะเกษ,"27",เขตบึงกุ่ม,22
ศรีสะเกษ,"29",เขตบางซื่อ,253
ศรีสะเกษ,"32",เขตประเวศ,22
ศรีสะเกษ,"33",เขตคลองเตย,57
ศรีสะเกษ,"34",เขตสวนหลวง,61
ศรีสะเกษ,"35",เขตจอมทอง,50
ศรีสะเกษ,"36",เขตดอนเมือง,17
ศรีสะเกษ,"38",เขตลาดพร้าว,9
ศรีสะเกษ,"39",เขตวัฒนา,39
ศรีสะเกษ,"42",เขตสายไหม,37
ศรีสะเกษ,"49",เขตทุ่งครุ,118
ศรีสะเกษ,"50",เขตบางบอน,45
สกลนคร,"03",เขตหนองจอก,15
สกลนคร,"04",เขตบางรัก,9
สกลนคร,"05",เขตบางเขน,4
สกลนคร,"06",เขตบางกะปิ,11
สกลนคร,"01",เขตพระนคร,10
สกลนคร,"07",เขตปทุมวัน,10
สกลนคร,"14",เขตพญาไท,8
สกลนคร,"17",เขตห้วยขวาง,11
สกลนคร,"19",เขตตลิ่งชัน,4
สกลนคร,"20",เขตบางกอกน้อย,4
สกลนคร,"21",เขตบางขุนเทียน,3
สกลนคร,"23",เขตหนองแขม,6
สกลนคร,"25",เขตบางพลัด,2
สกลนคร,"27",เขตบึงกุ่ม,22
สกลนคร,"02",เขตดุสิต,1
สกลนคร,"28",เขตสาทร,4
สกลนคร,"30",เขตจตุจักร,16
สกลนคร,"33",เขตคลองเตย,4
สกลนคร,"34",เขตสวนหลวง,28
สกลนคร,"35",เขตจอมทอง,23
สกลนคร,"40",เขตบางแค,9
สกลนคร,"41",เขตหลักสี่,21
สกลนคร,"42",เขตสายไหม,15
สกลนคร,"43",เขตคันนายาว,13
สกลนคร,"45",เขตวังทองหลาง,3
สกลนคร,"48",เขตทวีวัฒนา,28
สกลนคร,"49",เขตทุ่งครุ,12
สกลนคร,"11",เขตลาดกระบัง,128
สกลนคร,"12",เขตยานนาวา,5
สกลนคร,"15",เขตธนบุรี,10
สกลนคร,"16",เขตบางกอกใหญ่,5
สกลนคร,"22",เขตภาษีเจริญ,10
สกลนคร,"24",เขตราษฎร์บูรณะ,32
สกลนคร,"26",เขตดินแดง,11
สกลนคร,"29",เขตบางซื่อ,51
สกลนคร,"31",เขตบางคอแหลม,18
สกลนคร,"32",เขตประเวศ,15
สกลนคร,"36",เขตดอนเมือง,2
สกลนคร,"37",เขตราชเทวี,2
สกลนคร,"38",เขตลาดพร้าว,3
สกลนคร,"39",เขตวัฒนา,14
สกลนคร,"44",เขตสะพานสูง,10
สกลนคร,"10",เขตมีนบุรี,19
สกลนคร,"46",เขตคลองสามวา,12
สกลนคร,"09",เขตพระโขนง,27
สกลนคร,"47",เขตบางนา,49
สกลนคร,"50",เขตบางบอน,14
สงขลา,"41",เขตหลักสี่,7
สงขลา,"01",เขตพระนคร,4
สงขลา,"09",เขตพระโขนง,2
สงขลา,"15",เขตธนบุรี,13
สงขลา,"19",เขตตลิ่งชัน,3
สงขลา,"20",เขตบางกอกน้อย,9
สงขลา,"23",เขตหนองแขม,2
สงขลา,"24",เขตราษฎร์บูรณะ,6
สงขลา,"26",เขตดินแดง,20
สงขลา,"29",เขตบางซื่อ,79
สงขลา,"30",เขตจตุจักร,21
สงขลา,"32",เขตประเวศ,2
สงขลา,"34",เขตสวนหลวง,13
สงขลา,"35",เขตจอมทอง,2
สงขลา,"36",เขตดอนเมือง,2
สงขลา,"39",เขตวัฒนา,6
สงขลา,"43",เขตคันนายาว,3
สงขลา,"46",เขตคลองสามวา,2
สงขลา,"47",เขตบางนา,12
สงขลา,"49",เขตทุ่งครุ,15
สงขลา,"50",เขตบางบอน,2
สงขลา,"37",เขตราชเทวี,1
สงขลา,"02",เขตดุสิต,37
สงขลา,"03",เขตหนองจอก,5
สงขลา,"04",เขตบางรัก,2
สงขลา,"05",เขตบางเขน,20
สงขลา,"06",เขตบางกะปิ,15
สงขลา,"10",เขตมีนบุรี,2
สงขลา,"11",เขตลาดกระบัง,159
สงขลา,"12",เขตยานนาวา,4
สงขลา,"14",เขตพญาไท,5
สงขลา,"16",เขตบางกอกใหญ่,5
สงขลา,"17",เขตห้วยขวาง,5
สงขลา,"22",เขตภาษีเจริญ,6
สงขลา,"27",เขตบึงกุ่ม,16
สงขลา,"33",เขตคลองเตย,4
สงขลา,"40",เขตบางแค,15
สงขลา,"42",เขตสายไหม,8
สงขลา,"44",เขตสะพานสูง,12
สงขลา,"45",เขตวังทองหลาง,16
สตูล,"04",เขตบางรัก,2
สตูล,"05",เขตบางเขน,4
สตูล,"09",เขตพระโขนง,1
สตูล,"11",เขตลาดกระบัง,24
สตูล,"15",เขตธนบุรี,1
สตูล,"03",เขตหนองจอก,5
สตูล,"17",เขตห้วยขวาง,2
สตูล,"20",เขตบางกอกน้อย,2
สตูล,"27",เขตบึงกุ่ม,1
สตูล,"35",เขตจอมทอง,1
สตูล,"37",เขตราชเทวี,2
สตูล,"44",เขตสะพานสูง,7
สตูล,"47",เขตบางนา,2
สตูล,"34",เขตสวนหลวง,1
สตูล,"29",เขตบางซื่อ,6
สตูล,"24",เขตราษฎร์บูรณะ,1
สตูล,"30",เขตจตุจักร,2
สมุทรปราการ,"24",เขตราษฎร์บูรณะ,756
สมุทรปราการ,"01",เขตพระนคร,42
สมุทรปราการ,"03",เขตหนองจอก,26
สมุทรปราการ,"06",เขตบางกะปิ,43
สมุทรปราการ,"13",เขตสัมพันธวงศ์,2
สมุทรปราการ,"14",เขตพญาไท,30
สมุทรปราการ,"16",เขตบางกอกใหญ่,41
สมุทรปราการ,"18",เขตคลองสาน,30
สมุทรปราการ,"20",เขตบางกอกน้อย,33
สมุทรปราการ,"21",เขตบางขุนเทียน,111
สมุทรปราการ,"22",เขตภาษีเจริญ,57
สมุทรปราการ,"25",เขตบางพลัด,8
สมุทรปราการ,"26",เขตดินแดง,65
สมุทรปราการ,"27",เขตบึงกุ่ม,71
สมุทรปราการ,"28",เขตสาทร,34
สมุทรปราการ,"30",เขตจตุจักร,101
สมุทรปราการ,"32",เขตประเวศ,394
สมุทรปราการ,"35",เขตจอมทอง,211
สมุทรปราการ,"37",เขตราชเทวี,17
สมุทรปราการ,"38",เขตลาดพร้าว,6
สมุทรปราการ,"42",เขตสายไหม,9
สมุทรปราการ,"43",เขตคันนายาว,10
สมุทรปราการ,"44",เขตสะพานสูง,70
สมุทรปราการ,"47",เขตบางนา,832
สมุทรปราการ,"48",เขตทวีวัฒนา,34
สมุทรปราการ,"09",เขตพระโขนง,366
สมุทรปราการ,"02",เขตดุสิต,21
สมุทรปราการ,"04",เขตบางรัก,45
สมุทรปราการ,"05",เขตบางเขน,53
สมุทรปราการ,"07",เขตปทุมวัน,91
สมุทรปราการ,"08",เขตป้อมปราบศัตรูพ่าย,1
สมุทรปราการ,"10",เขตมีนบุรี,78
สมุทรปราการ,"11",เขตลาดกระบัง,1936
สมุทรปราการ,"12",เขตยานนาวา,165
สมุทรปราการ,"15",เขตธนบุรี,135
สมุทรปราการ,"17",เขตห้วยขวาง,61
สมุทรปราการ,"19",เขตตลิ่งชัน,18
สมุทรปราการ,"23",เขตหนองแขม,32
สมุทรปราการ,"29",เขตบางซื่อ,114
สมุทรปราการ,"31",เขตบางคอแหลม,53
สมุทรปราการ,"33",เขตคลองเตย,345
สมุทรปราการ,"34",เขตสวนหลวง,110
สมุทรปราการ,"36",เขตดอนเมือง,14
สมุทรปราการ,"39",เขตวัฒนา,240
สมุทรปราการ,"40",เขตบางแค,81
สมุทรปราการ,"41",เขตหลักสี่,16
สมุทรปราการ,"46",เขตคลองสามวา,34
สมุทรปราการ,"49",เขตทุ่งครุ,1087
สมุทรปราการ,"50",เขตบางบอน,48
สมุทรสงคราม,"10",เขตมีนบุรี,8
สมุทรสงคราม,"01",เขตพระนคร,3
สมุทรสงคราม,"04",เขตบางรัก,5
สมุทรสงคราม,"05",เขตบางเขน,4
สมุทรสงคราม,"07",เขตปทุมวัน,6
สมุทรสงคราม,"09",เขตพระโขนง,1
สมุทรสงคราม,"12",เขตยานนาวา,1
สมุทรสงคราม,"18",เขตคลองสาน,2
สมุทรสงคราม,"20",เขตบางกอกน้อย,11
สมุทรสงคราม,"21",เขตบางขุนเทียน,27
สมุทรสงคราม,"22",เขตภาษีเจริญ,10
สมุทรสงคราม,"25",เขตบางพลัด,3
สมุทรสงคราม,"26",เขตดินแดง,1
สมุทรสงคราม,"27",เขตบึงกุ่ม,8
สมุทรสงคราม,"29",เขตบางซื่อ,9
สมุทรสงคราม,"30",เขตจตุจักร,6
สมุทรสงคราม,"31",เขตบางคอแหลม,5
สมุทรสงคราม,"32",เขตประเวศ,9
สมุทรสงคราม,"35",เขตจอมทอง,59
สมุทรสงคราม,"38",เขตลาดพร้าว,2
สมุทรสงคราม,"44",เขตสะพานสูง,1
สมุทรสงคราม,"47",เขตบางนา,8
สมุทรสงคราม,"48",เขตทวีวัฒนา,5
สมุทรสงคราม,"49",เขตทุ่งครุ,17
สมุทรสงคราม,"50",เขตบางบอน,28
สมุทรสงคราม,"03",เขตหนองจอก,4
สมุทรสงคราม,"08",เขตป้อมปราบศัตรูพ่าย,1
สมุทรสงคราม,"11",เขตลาดกระบัง,59
สมุทรสงคราม,"14",เขตพญาไท,8
สมุทรสงคราม,"15",เขตธนบุรี,11
สมุทรสงคราม,"17",เขตห้วยขวาง,5
สมุทรสงคราม,"23",เขตหนองแขม,19
สมุทรสงคราม,"24",เขตราษฎร์บูรณะ,6
สมุทรสงคราม,"28",เขตสาทร,1
สมุทรสงคราม,"33",เขตคลองเตย,4
สมุทรสงคราม,"34",เขตสวนหลวง,3
สมุทรสงคราม,"36",เขตดอนเมือง,1
สมุทรสงคราม,"37",เขตราชเทวี,3
สมุทรสงคราม,"39",เขตวัฒนา,5
สมุทรสงคราม,"40",เขตบางแค,1
สมุทรสงคราม,"42",เขตสายไหม,9
สมุทรสงคราม,"43",เขตคันนายาว,19
สมุทรสาคร,"03",เขตหนองจอก,3
สมุทรสาคร,"06",เขตบางกะปิ,9
สมุทรสาคร,"07",เขตปทุมวัน,18
สมุทรสาคร,"10",เขตมีนบุรี,8
สมุทรสาคร,"11",เขตลาดกระบัง,285
สมุทรสาคร,"14",เขตพญาไท,5
สมุทรสาคร,"15",เขตธนบุรี,96
สมุทรสาคร,"16",เขตบางกอกใหญ่,24
สมุทรสาคร,"17",เขตห้วยขวาง,10
สมุทรสาคร,"19",เขตตลิ่งชัน,10
สมุทรสาคร,"22",เขตภาษีเจริญ,46
สมุทรสาคร,"27",เขตบึงกุ่ม,12
สมุทรสาคร,"29",เขตบางซื่อ,88
สมุทรสาคร,"31",เขตบางคอแหลม,19
สมุทรสาคร,"35",เขตจอมทอง,240
สมุทรสาคร,"01",เขตพระนคร,13
สมุทรสาคร,"36",เขตดอนเมือง,7
สมุทรสาคร,"38",เขตลาดพร้าว,4
สมุทรสาคร,"40",เขตบางแค,81
สมุทรสาคร,"41",เขตหลักสี่,13
สมุทรสาคร,"42",เขตสายไหม,10
สมุทรสาคร,"44",เขตสะพานสูง,10
สมุทรสาคร,"45",เขตวังทองหลาง,8
สมุทรสาคร,"46",เขตคลองสามวา,2
สมุทรสาคร,"47",เขตบางนา,17
สมุทรสาคร,"48",เขตทวีวัฒนา,32
สมุทรสาคร,"49",เขตทุ่งครุ,48
สมุทรสาคร,"50",เขตบางบอน,561
สมุทรสาคร,"04",เขตบางรัก,9
สมุทรสาคร,"05",เขตบางเขน,2
สมุทรสาคร,"09",เขตพระโขนง,12
สมุทรสาคร,"12",เขตยานนาวา,2
สมุทรสาคร,"13",เขตสัมพันธวงศ์,1
สมุทรสาคร,"18",เขตคลองสาน,50
สมุทรสาคร,"20",เขตบางกอกน้อย,10
สมุทรสาคร,"21",เขตบางขุนเทียน,196
สมุทรสาคร,"23",เขตหนองแขม,197
สมุทรสาคร,"24",เขตราษฎร์บูรณะ,84
สมุทรสาคร,"25",เขตบางพลัด,2
สมุทรสาคร,"26",เขตดินแดง,21
สมุทรสาคร,"28",เขตสาทร,10
สมุทรสาคร,"02",เขตดุสิต,10
สมุทรสาคร,"30",เขตจตุจักร,28
สมุทรสาคร,"32",เขตประเวศ,12
สมุทรสาคร,"33",เขตคลองเตย,30
สมุทรสาคร,"34",เขตสวนหลวง,13
สมุทรสาคร,"37",เขตราชเทวี,5
สมุทรสาคร,"39",เขตวัฒนา,3
สมุทรสาคร,"43",เขตคันนายาว,8
สระบุรี,"29",เขตบางซื่อ,45
สระบุรี,"01",เขตพระนคร,1
สระบุรี,"02",เขตดุสิต,9
สระบุรี,"03",เขตหนองจอก,27
สระบุรี,"04",เขตบางรัก,11
สระบุรี,"05",เขตบางเขน,1
สระบุรี,"07",เขตปทุมวัน,24
สระบุรี,"09",เขตพระโขนง,11
สระบุรี,"10",เขตมีนบุรี,13
สระบุรี,"16",เขตบางกอกใหญ่,28
สระบุรี,"17",เขตห้วยขวาง,34
สระบุรี,"21",เขตบางขุนเทียน,4
สระบุรี,"22",เขตภาษีเจริญ,9
สระบุรี,"23",เขตหนองแขม,5
สระบุรี,"30",เขตจตุจักร,92
สระบุรี,"35",เขตจอมทอง,32
สระบุรี,"36",เขตดอนเมือง,5
สระบุรี,"39",เขตวัฒนา,11
สระบุรี,"41",เขตหลักสี่,8
สระบุรี,"47",เขตบางนา,15
สระบุรี,"34",เขตสวนหลวง,12
สระบุรี,"06",เขตบางกะปิ,13
สระบุรี,"11",เขตลาดกระบัง,378
สระบุรี,"12",เขตยานนาวา,6
สระบุรี,"14",เขตพญาไท,16
สระบุรี,"15",เขตธนบุรี,6
สระบุรี,"18",เขตคลองสาน,3
สระบุรี,"19",เขตตลิ่งชัน,5
สระบุรี,"20",เขตบางกอกน้อย,9
สระบุรี,"24",เขตราษฎร์บูรณะ,29
สระบุรี,"26",เขตดินแดง,14
สระบุรี,"27",เขตบึงกุ่ม,12
สระบุรี,"28",เขตสาทร,10
สระบุรี,"31",เขตบางคอแหลม,31
สระบุรี,"32",เขตประเวศ,4
สระบุรี,"33",เขตคลองเตย,40
สระบุรี,"37",เขตราชเทวี,5
สระบุรี,"42",เขตสายไหม,53
สระบุรี,"43",เขตคันนายาว,7
สระบุรี,"44",เขตสะพานสูง,14
สระบุรี,"46",เขตคลองสามวา,8
สระบุรี,"49",เขตทุ่งครุ,11
สระบุรี,"50",เขตบางบอน,23
สระแก้ว,"02",เขตดุสิต,20
สระแก้ว,"01",เขตพระนคร,10
สระแก้ว,"05",เขตบางเขน,17
สระแก้ว,"07",เขตปทุมวัน,11
สระแก้ว,"09",เขตพระโขนง,17
สระแก้ว,"12",เขตยานนาวา,16
สระแก้ว,"17",เขตห้วยขวาง,10
สระแก้ว,"20",เขตบางกอกน้อย,3
สระแก้ว,"22",เขตภาษีเจริญ,20
สระแก้ว,"23",เขตหนองแขม,19
สระแก้ว,"29",เขตบางซื่อ,52
สระแก้ว,"33",เขตคลองเตย,20
สระแก้ว,"41",เขตหลักสี่,12
สระแก้ว,"42",เขตสายไหม,7
สระแก้ว,"46",เขตคลองสามวา,17
สระแก้ว,"49",เขตทุ่งครุ,31
สระแก้ว,"50",เขตบางบอน,8
สระแก้ว,"03",เขตหนองจอก,26
สระแก้ว,"04",เขตบางรัก,7
สระแก้ว,"06",เขตบางกะปิ,14
สระแก้ว,"10",เขตมีนบุรี,16
สระแก้ว,"11",เขตลาดกระบัง,168
สระแก้ว,"15",เขตธนบุรี,16
สระแก้ว,"16",เขตบางกอกใหญ่,7
สระแก้ว,"18",เขตคลองสาน,22
สระแก้ว,"19",เขตตลิ่งชัน,6
สระแก้ว,"21",เขตบางขุนเทียน,12
สระแก้ว,"24",เขตราษฎร์บูรณะ,22
สระแก้ว,"26",เขตดินแดง,24
สระแก้ว,"27",เขตบึงกุ่ม,25
สระแก้ว,"28",เขตสาทร,15
สระแก้ว,"30",เขตจตุจักร,27
สระแก้ว,"31",เขตบางคอแหลม,9
สระแก้ว,"32",เขตประเวศ,3
สระแก้ว,"34",เขตสวนหลวง,27
สระแก้ว,"35",เขตจอมทอง,22
สระแก้ว,"36",เขตดอนเมือง,5
สระแก้ว,"37",เขตราชเทวี,12
สระแก้ว,"38",เขตลาดพร้าว,1
สระแก้ว,"39",เขตวัฒนา,30
สระแก้ว,"40",เขตบางแค,11
สระแก้ว,"43",เขตคันนายาว,3
สระแก้ว,"44",เขตสะพานสูง,3
สระแก้ว,"45",เขตวังทองหลาง,8
สระแก้ว,"47",เขตบางนา,20
สิงห์บุรี,"25",เขตบางพลัด,4
สิงห์บุรี,"03",เขตหนองจอก,13
สิงห์บุรี,"05",เขตบางเขน,19
สิงห์บุรี,"10",เขตมีนบุรี,3
สิงห์บุรี,"13",เขตสัมพันธวงศ์,2
สิงห์บุรี,"17",เขตห้วยขวาง,2
สิงห์บุรี,"20",เขตบางกอกน้อย,2
สิงห์บุรี,"22",เขตภาษีเจริญ,15
สิงห์บุรี,"24",เขตราษฎร์บูรณะ,5
สิงห์บุรี,"28",เขตสาทร,5
สิงห์บุรี,"30",เขตจตุจักร,16
สิงห์บุรี,"33",เขตคลองเตย,3
สิงห์บุรี,"34",เขตสวนหลวง,3
สิงห์บุรี,"38",เขตลาดพร้าว,7
สิงห์บุรี,"42",เขตสายไหม,32
สิงห์บุรี,"44",เขตสะพานสูง,1
สิงห์บุรี,"49",เขตทุ่งครุ,10
สิงห์บุรี,"02",เขตดุสิต,13
สิงห์บุรี,"01",เขตพระนคร,2
สิงห์บุรี,"06",เขตบางกะปิ,12
สิงห์บุรี,"07",เขตปทุมวัน,5
สิงห์บุรี,"11",เขตลาดกระบัง,140
สิงห์บุรี,"14",เขตพญาไท,3
สิงห์บุรี,"15",เขตธนบุรี,2
สิงห์บุรี,"16",เขตบางกอกใหญ่,2
สิงห์บุรี,"18",เขตคลองสาน,2
สิงห์บุรี,"21",เขตบางขุนเทียน,2
สิงห์บุรี,"23",เขตหนองแขม,2
สิงห์บุรี,"26",เขตดินแดง,12
สิงห์บุรี,"27",เขตบึงกุ่ม,16
สิงห์บุรี,"29",เขตบางซื่อ,15
สิงห์บุรี,"31",เขตบางคอแหลม,4
สิงห์บุรี,"36",เขตดอนเมือง,6
สิงห์บุรี,"39",เขตวัฒนา,12
สิงห์บุรี,"41",เขตหลักสี่,8
สิงห์บุรี,"47",เขตบางนา,7
สุพรรณบุรี,"49",เขตทุ่งครุ,36
สุพรรณบุรี,"03",เขตหนองจอก,11
สุพรรณบุรี,"04",เขตบางรัก,2
สุพรรณบุรี,"05",เขตบางเขน,21
สุพรรณบุรี,"06",เขตบางกะปิ,29
สุพรรณบุรี,"11",เขตลาดกระบัง,336
สุพรรณบุรี,"12",เขตยานนาวา,10
สุพรรณบุรี,"14",เขตพญาไท,11
สุพรรณบุรี,"16",เขตบางกอกใหญ่,26
สุพรรณบุรี,"17",เขตห้วยขวาง,34
สุพรรณบุรี,"18",เขตคลองสาน,44
สุพรรณบุรี,"21",เขตบางขุนเทียน,38
สุพรรณบุรี,"22",เขตภาษีเจริญ,63
สุพรรณบุรี,"24",เขตราษฎร์บูรณะ,29
สุพรรณบุรี,"29",เขตบางซื่อ,108
สุพรรณบุรี,"31",เขตบางคอแหลม,45
สุพรรณบุรี,"32",เขตประเวศ,12
สุพรรณบุรี,"37",เขตราชเทวี,1
สุพรรณบุรี,"38",เขตลาดพร้าว,3
สุพรรณบุรี,"41",เขตหลักสี่,36
สุพรรณบุรี,"42",เขตสายไหม,59
สุพรรณบุรี,"45",เขตวังทองหลาง,4
สุพรรณบุรี,"46",เขตคลองสามวา,14
สุพรรณบุรี,"48",เขตทวีวัฒนา,31
สุพรรณบุรี,"08",เขตป้อมปราบศัตรูพ่าย,1
สุพรรณบุรี,"09",เขตพระโขนง,23
สุพรรณบุรี,"10",เขตมีนบุรี,9
สุพรรณบุรี,"13",เขตสัมพันธวงศ์,6
สุพรรณบุรี,"15",เขตธนบุรี,48
สุพรรณบุรี,"19",เขตตลิ่งชัน,20
สุพรรณบุรี,"20",เขตบางกอกน้อย,62
สุพรรณบุรี,"02",เขตดุสิต,14
สุพรรณบุรี,"23",เขตหนองแขม,32
สุพรรณบุรี,"25",เขตบางพลัด,7
สุพรรณบุรี,"26",เขตดินแดง,44
สุพรรณบุรี,"27",เขตบึงกุ่ม,39
สุพรรณบุรี,"01",เขตพระนคร,22
สุพรรณบุรี,"07",เขตปทุมวัน,14
สุพรรณบุรี,"28",เขตสาทร,4
สุพรรณบุรี,"30",เขตจตุจักร,75
สุพรรณบุรี,"33",เขตคลองเตย,19
สุพรรณบุรี,"34",เขตสวนหลวง,31
สุพรรณบุรี,"35",เขตจอมทอง,280
สุพรรณบุรี,"36",เขตดอนเมือง,37
สุพรรณบุรี,"39",เขตวัฒนา,34
สุพรรณบุรี,"40",เขตบางแค,25
สุพรรณบุรี,"43",เขตคันนายาว,3
สุพรรณบุรี,"44",เขตสะพานสูง,28
สุพรรณบุรี,"47",เขตบางนา,16
สุพรรณบุรี,"50",เขตบางบอน,45
สุราษฎร์ธานี,"31",เขตบางคอแหลม,7
สุราษฎร์ธานี,"05",เขตบางเขน,6
สุราษฎร์ธานี,"06",เขตบางกะปิ,15
สุราษฎร์ธานี,"07",เขตปทุมวัน,2
สุราษฎร์ธานี,"09",เขตพระโขนง,4
สุราษฎร์ธานี,"11",เขตลาดกระบัง,90
สุราษฎร์ธานี,"12",เขตยานนาวา,3
สุราษฎร์ธานี,"14",เขตพญาไท,2
สุราษฎร์ธานี,"16",เขตบางกอกใหญ่,4
สุราษฎร์ธานี,"18",เขตคลองสาน,2
สุราษฎร์ธานี,"21",เขตบางขุนเทียน,6
สุราษฎร์ธานี,"22",เขตภาษีเจริญ,4
สุราษฎร์ธานี,"24",เขตราษฎร์บูรณะ,1
สุราษฎร์ธานี,"27",เขตบึงกุ่ม,8
สุราษฎร์ธานี,"32",เขตประเวศ,2
สุราษฎร์ธานี,"34",เขตสวนหลวง,9
สุราษฎร์ธานี,"36",เขตดอนเมือง,7
สุราษฎร์ธานี,"40",เขตบางแค,16
สุราษฎร์ธานี,"44",เขตสะพานสูง,7
สุราษฎร์ธานี,"47",เขตบางนา,8
สุราษฎร์ธานี,"49",เขตทุ่งครุ,71
สุราษฎร์ธานี,"10",เขตมีนบุรี,10
สุราษฎร์ธานี,"15",เขตธนบุรี,4
สุราษฎร์ธานี,"17",เขตห้วยขวาง,5
สุราษฎร์ธานี,"23",เขตหนองแขม,7
สุราษฎร์ธานี,"25",เขตบางพลัด,5
สุราษฎร์ธานี,"04",เขตบางรัก,13
สุราษฎร์ธานี,"26",เขตดินแดง,22
สุราษฎร์ธานี,"02",เขตดุสิต,2
สุราษฎร์ธานี,"29",เขตบางซื่อ,39
สุราษฎร์ธานี,"30",เขตจตุจักร,20
สุราษฎร์ธานี,"33",เขตคลองเตย,4
สุราษฎร์ธานี,"35",เขตจอมทอง,10
สุราษฎร์ธานี,"38",เขตลาดพร้าว,2
สุราษฎร์ธานี,"39",เขตวัฒนา,5
สุราษฎร์ธานี,"41",เขตหลักสี่,6
สุราษฎร์ธานี,"42",เขตสายไหม,11
สุราษฎร์ธานี,"43",เขตคันนายาว,5
สุราษฎร์ธานี,"46",เขตคลองสามวา,5
สุราษฎร์ธานี,"48",เขตทวีวัฒนา,9
สุราษฎร์ธานี,"03",เขตหนองจอก,13
สุรินทร์,"42",เขตสายไหม,17
สุรินทร์,"01",เขตพระนคร,6
สุรินทร์,"02",เขตดุสิต,18
สุรินทร์,"03",เขตหนองจอก,27
สุรินทร์,"05",เขตบางเขน,14
สุรินทร์,"06",เขตบางกะปิ,30
สุรินทร์,"09",เขตพระโขนง,35
สุรินทร์,"13",เขตสัมพันธวงศ์,4
สุรินทร์,"17",เขตห้วยขวาง,24
สุรินทร์,"18",เขตคลองสาน,4
สุรินทร์,"19",เขตตลิ่งชัน,13
สุรินทร์,"20",เขตบางกอกน้อย,12
สุรินทร์,"22",เขตภาษีเจริญ,27
สุรินทร์,"23",เขตหนองแขม,35
สุรินทร์,"24",เขตราษฎร์บูรณะ,67
สุรินทร์,"26",เขตดินแดง,11
สุรินทร์,"27",เขตบึงกุ่ม,32
สุรินทร์,"28",เขตสาทร,4
สุรินทร์,"29",เขตบางซื่อ,148
สุรินทร์,"30",เขตจตุจักร,26
สุรินทร์,"31",เขตบางคอแหลม,11
สุรินทร์,"34",เขตสวนหลวง,39
สุรินทร์,"35",เขตจอมทอง,59
สุรินทร์,"36",เขตดอนเมือง,29
สุรินทร์,"38",เขตลาดพร้าว,7
สุรินทร์,"41",เขตหลักสี่,12
สุรินทร์,"44",เขตสะพานสูง,18
สุรินทร์,"45",เขตวังทองหลาง,2
สุรินทร์,"46",เขตคลองสามวา,6
สุรินทร์,"47",เขตบางนา,69
สุรินทร์,"04",เขตบางรัก,19
สุรินทร์,"07",เขตปทุมวัน,23
สุรินทร์,"10",เขตมีนบุรี,1
สุรินทร์,"11",เขตลาดกระบัง,148
สุรินทร์,"12",เขตยานนาวา,52
สุรินทร์,"14",เขตพญาไท,20
สุรินทร์,"15",เขตธนบุรี,35
สุรินทร์,"16",เขตบางกอกใหญ่,49
สุรินทร์,"21",เขตบางขุนเทียน,33
สุรินทร์,"25",เขตบางพลัด,3
สุรินทร์,"32",เขตประเวศ,14
สุรินทร์,"33",เขตคลองเตย,29
สุรินทร์,"39",เขตวัฒนา,41
สุรินทร์,"40",เขตบางแค,4
สุรินทร์,"48",เขตทวีวัฒนา,7
สุรินทร์,"49",เขตทุ่งครุ,50
สุรินทร์,"50",เขตบางบอน,72
สุโขทัย,"03",เขตหนองจอก,9
สุโขทัย,"06",เขตบางกะปิ,7
สุโขทัย,"07",เขตปทุมวัน,4
สุโขทัย,"11",เขตลาดกระบัง,48
สุโขทัย,"12",เขตยานนาวา,4
สุโขทัย,"17",เขตห้วยขวาง,1
สุโขทัย,"23",เขตหนองแขม,4
สุโขทัย,"24",เขตราษฎร์บูรณะ,5
สุโขทัย,"26",เขตดินแดง,3
สุโขทัย,"29",เขตบางซื่อ,92
สุโขทัย,"32",เขตประเวศ,5
สุโขทัย,"33",เขตคลองเตย,10
สุโขทัย,"36",เขตดอนเมือง,1
สุโขทัย,"40",เขตบางแค,4
สุโขทัย,"42",เขตสายไหม,19
สุโขทัย,"02",เขตดุสิต,6
สุโขทัย,"04",เขตบางรัก,1
สุโขทัย,"05",เขตบางเขน,1
สุโขทัย,"09",เขตพระโขนง,2
สุโขทัย,"18",เขตคลองสาน,6
สุโขทัย,"19",เขตตลิ่งชัน,4
สุโขทัย,"20",เขตบางกอกน้อย,3
สุโขทัย,"22",เขตภาษีเจริญ,4
สุโขทัย,"25",เขตบางพลัด,2
สุโขทัย,"27",เขตบึงกุ่ม,8
สุโขทัย,"30",เขตจตุจักร,22
สุโขทัย,"31",เขตบางคอแหลม,1
สุโขทัย,"34",เขตสวนหลวง,18
สุโขทัย,"35",เขตจอมทอง,22
สุโขทัย,"39",เขตวัฒนา,24
สุโขทัย,"41",เขตหลักสี่,10
สุโขทัย,"44",เขตสะพานสูง,10
สุโขทัย,"47",เขตบางนา,12
สุโขทัย,"49",เขตทุ่งครุ,31
สุโขทัย,"50",เขตบางบอน,10
หนองคาย,"09",เขตพระโขนง,10
หนองคาย,"12",เขตยานนาวา,4
หนองคาย,"13",เขตสัมพันธวงศ์,1
หนองคาย,"15",เขตธนบุรี,4
หนองคาย,"17",เขตห้วยขวาง,2
หนองคาย,"20",เขตบางกอกน้อย,3
หนองคาย,"22",เขตภาษีเจริญ,6
หนองคาย,"23",เขตหนองแขม,2
หนองคาย,"25",เขตบางพลัด,19
หนองคาย,"26",เขตดินแดง,12
หนองคาย,"27",เขตบึงกุ่ม,2
หนองคาย,"29",เขตบางซื่อ,11
หนองคาย,"31",เขตบางคอแหลม,8
หนองคาย,"32",เขตประเวศ,4
หนองคาย,"38",เขตลาดพร้าว,2
หนองคาย,"42",เขตสายไหม,6
หนองคาย,"44",เขตสะพานสูง,3
หนองคาย,"47",เขตบางนา,16
หนองคาย,"48",เขตทวีวัฒนา,1
หนองคาย,"49",เขตทุ่งครุ,24
หนองคาย,"50",เขตบางบอน,8
หนองคาย,"14",เขตพญาไท,3
หนองคาย,"02",เขตดุสิต,6
หนองคาย,"03",เขตหนองจอก,8
หนองคาย,"04",เขตบางรัก,4
หนองคาย,"05",เขตบางเขน,7
หนองคาย,"06",เขตบางกะปิ,8
หนองคาย,"07",เขตปทุมวัน,7
หนองคาย,"10",เขตมีนบุรี,2
หนองคาย,"11",เขตลาดกระบัง,54
หนองคาย,"16",เขตบางกอกใหญ่,5
หนองคาย,"21",เขตบางขุนเทียน,1
หนองคาย,"30",เขตจตุจักร,25
หนองคาย,"33",เขตคลองเตย,7
หนองคาย,"34",เขตสวนหลวง,3
หนองคาย,"35",เขตจอมทอง,1
หนองคาย,"39",เขตวัฒนา,7
หนองคาย,"40",เขตบางแค,5
หนองคาย,"41",เขตหลักสี่,1
หนองบัวลำภู,"07",เขตปทุมวัน,16
หนองบัวลำภู,"11",เขตลาดกระบัง,34
หนองบัวลำภู,"16",เขตบางกอกใหญ่,5
หนองบัวลำภู,"17",เขตห้วยขวาง,5
หนองบัวลำภู,"23",เขตหนองแขม,10
หนองบัวลำภู,"28",เขตสาทร,1
หนองบัวลำภู,"29",เขตบางซื่อ,22
หนองบัวลำภู,"31",เขตบางคอแหลม,4
หนองบัวลำภู,"36",เขตดอนเมือง,2
หนองบัวลำภู,"05",เขตบางเขน,4
หนองบัวลำภู,"39",เขตวัฒนา,22
หนองบัวลำภู,"40",เขตบางแค,12
หนองบัวลำภู,"42",เขตสายไหม,2
หนองบัวลำภู,"46",เขตคลองสามวา,2
หนองบัวลำภู,"50",เขตบางบอน,5
หนองบัวลำภู,"02",เขตดุสิต,2
หนองบัวลำภู,"01",เขตพระนคร,1
หนองบัวลำภู,"03",เขตหนองจอก,12
หนองบัวลำภู,"04",เขตบางรัก,5
หนองบัวลำภู,"06",เขตบางกะปิ,3
หนองบัวลำภู,"09",เขตพระโขนง,3
หนองบัวลำภู,"10",เขตมีนบุรี,2
หนองบัวลำภู,"12",เขตยานนาวา,1
หนองบัวลำภู,"14",เขตพญาไท,14
หนองบัวลำภู,"15",เขตธนบุรี,7
หนองบัวลำภู,"18",เขตคลองสาน,6
หนองบัวลำภู,"19",เขตตลิ่งชัน,5
หนองบัวลำภู,"20",เขตบางกอกน้อย,1
หนองบัวลำภู,"21",เขตบางขุนเทียน,2
หนองบัวลำภู,"22",เขตภาษีเจริญ,3
หนองบัวลำภู,"24",เขตราษฎร์บูรณะ,13
หนองบัวลำภู,"27",เขตบึงกุ่ม,10
หนองบัวลำภู,"30",เขตจตุจักร,26
หนองบัวลำภู,"32",เขตประเวศ,4
หนองบัวลำภู,"33",เขตคลองเตย,15
หนองบัวลำภู,"34",เขตสวนหลวง,5
หนองบัวลำภู,"35",เขตจอมทอง,16
หนองบัวลำภู,"37",เขตราชเทวี,2
หนองบัวลำภู,"38",เขตลาดพร้าว,3
หนองบัวลำภู,"41",เขตหลักสี่,8
หนองบัวลำภู,"43",เขตคันนายาว,7
หนองบัวลำภู,"44",เขตสะพานสูง,21
หนองบัวลำภู,"47",เขตบางนา,6
หนองบัวลำภู,"48",เขตทวีวัฒนา,11
หนองบัวลำภู,"49",เขตทุ่งครุ,11
อำนาจเจริญ,"04",เขตบางรัก,6
อำนาจเจริญ,"05",เขตบางเขน,12
อำนาจเจริญ,"09",เขตพระโขนง,5
อำนาจเจริญ,"11",เขตลาดกระบัง,55
อำนาจเจริญ,"12",เขตยานนาวา,5
อำนาจเจริญ,"01",เขตพระนคร,8
อำนาจเจริญ,"14",เขตพญาไท,3
อำนาจเจริญ,"15",เขตธนบุรี,9
อำนาจเจริญ,"16",เขตบางกอกใหญ่,2
อำนาจเจริญ,"17",เขตห้วยขวาง,8
อำนาจเจริญ,"19",เขตตลิ่งชัน,4
อำนาจเจริญ,"20",เขตบางกอกน้อย,3
อำนาจเจริญ,"21",เขตบางขุนเทียน,2
อำนาจเจริญ,"22",เขตภาษีเจริญ,10
อำนาจเจริญ,"23",เขตหนองแขม,8
อำนาจเจริญ,"24",เขตราษฎร์บูรณะ,33
อำนาจเจริญ,"27",เขตบึงกุ่ม,4
อำนาจเจริญ,"29",เขตบางซื่อ,20
อำนาจเจริญ,"30",เขตจตุจักร,16
อำนาจเจริญ,"31",เขตบางคอแหลม,21
อำนาจเจริญ,"33",เขตคลองเตย,8
อำนาจเจริญ,"35",เขตจอมทอง,11
อำนาจเจริญ,"37",เขตราชเทวี,11
อำนาจเจริญ,"40",เขตบางแค,1
อำนาจเจริญ,"41",เขตหลักสี่,1
อำนาจเจริญ,"44",เขตสะพานสูง,2
อำนาจเจริญ,"49",เขตทุ่งครุ,8
อำนาจเจริญ,"02",เขตดุสิต,1
อำนาจเจริญ,"03",เขตหนองจอก,7
อำนาจเจริญ,"06",เขตบางกะปิ,3
อำนาจเจริญ,"07",เขตปทุมวัน,5
อำนาจเจริญ,"18",เขตคลองสาน,1
อำนาจเจริญ,"25",เขตบางพลัด,3
อำนาจเจริญ,"26",เขตดินแดง,4
อำนาจเจริญ,"28",เขตสาทร,3
อำนาจเจริญ,"32",เขตประเวศ,3
อำนาจเจริญ,"34",เขตสวนหลวง,4
อำนาจเจริญ,"39",เขตวัฒนา,2
อำนาจเจริญ,"42",เขตสายไหม,7
อำนาจเจริญ,"43",เขตคันนายาว,6
อำนาจเจริญ,"47",เขตบางนา,5
อำนาจเจริญ,"50",เขตบางบอน,9
อุดรธานี,"16",เขตบางกอกใหญ่,5
อุดรธานี,"01",เขตพระนคร,15
อุดรธานี,"02",เขตดุสิต,16
อุดรธานี,"03",เขตหนองจอก,11
อุดรธานี,"05",เขตบางเขน,19
อุดรธานี,"07",เขตปทุมวัน,6
อุดรธานี,"09",เขตพระโขนง,8
อุดรธานี,"10",เขตมีนบุรี,2
อุดรธานี,"12",เขตยานนาวา,26
อุดรธานี,"15",เขตธนบุรี,48
อุดรธานี,"17",เขตห้วยขวาง,14
อุดรธานี,"18",เขตคลองสาน,4
อุดรธานี,"19",เขตตลิ่งชัน,5
อุดรธานี,"21",เขตบางขุนเทียน,34
อุดรธานี,"23",เขตหนองแขม,6
อุดรธานี,"24",เขตราษฎร์บูรณะ,20
อุดรธานี,"26",เขตดินแดง,15
อุดรธานี,"27",เขตบึงกุ่ม,13
อุดรธานี,"31",เขตบางคอแหลม,23
อุดรธานี,"32",เขตประเวศ,8
อุดรธานี,"33",เขตคลองเตย,9
อุดรธานี,"35",เขตจอมทอง,16
อุดรธานี,"36",เขตดอนเมือง,23
อุดรธานี,"37",เขตราชเทวี,1
อุดรธานี,"39",เขตวัฒนา,24
อุดรธานี,"43",เขตคันนายาว,3
อุดรธานี,"46",เขตคลองสามวา,14
อุดรธานี,"48",เขตทวีวัฒนา,1
อุดรธานี,"49",เขตทุ่งครุ,14
อุดรธานี,"22",เขตภาษีเจริญ,18
อุดรธานี,"04",เขตบางรัก,7
อุดรธานี,"06",เขตบางกะปิ,13
อุดรธานี,"11",เขตลาดกระบัง,139
อุดรธานี,"14",เขตพญาไท,7
อุดรธานี,"20",เขตบางกอกน้อย,5
อุดรธานี,"25",เขตบางพลัด,4
อุดรธานี,"28",เขตสาทร,2
อุดรธานี,"29",เขตบางซื่อ,51
อุดรธานี,"30",เขตจตุจักร,47
อุดรธานี,"34",เขตสวนหลวง,19
อุดรธานี,"38",เขตลาดพร้าว,3
อุดรธานี,"40",เขตบางแค,31
อุดรธานี,"41",เขตหลักสี่,11
อุดรธานี,"42",เขตสายไหม,28
อุดรธานี,"44",เขตสะพานสูง,10
อุดรธานี,"47",เขตบางนา,37
อุดรธานี,"50",เขตบางบอน,10
อุตรดิตถ์,"02",เขตดุสิต,4
อุตรดิตถ์,"03",เขตหนองจอก,3
อุตรดิตถ์,"04",เขตบางรัก,14
อุตรดิตถ์,"07",เขตปทุมวัน,3
อุตรดิตถ์,"09",เขตพระโขนง,1
อุตรดิตถ์,"11",เขตลาดกระบัง,138
อุตรดิตถ์,"12",เขตยานนาวา,5
อุตรดิตถ์,"21",เขตบางขุนเทียน,2
อุตรดิตถ์,"26",เขตดินแดง,5
อุตรดิตถ์,"30",เขตจตุจักร,17
อุตรดิตถ์,"31",เขตบางคอแหลม,9
อุตรดิตถ์,"32",เขตประเวศ,3
อุตรดิตถ์,"33",เขตคลองเตย,17
อุตรดิตถ์,"34",เขตสวนหลวง,26
อุตรดิตถ์,"36",เขตดอนเมือง,19
อุตรดิตถ์,"37",เขตราชเทวี,5
อุตรดิตถ์,"38",เขตลาดพร้าว,2
อุตรดิตถ์,"43",เขตคันนายาว,3
อุตรดิตถ์,"47",เขตบางนา,6
อุตรดิตถ์,"05",เขตบางเขน,24
อุตรดิตถ์,"06",เขตบางกะปิ,2
อุตรดิตถ์,"14",เขตพญาไท,4
อุตรดิตถ์,"15",เขตธนบุรี,1
อุตรดิตถ์,"18",เขตคลองสาน,3
อุตรดิตถ์,"20",เขตบางกอกน้อย,2
อุตรดิตถ์,"22",เขตภาษีเจริญ,5
อุตรดิตถ์,"23",เขตหนองแขม,23
อุตรดิตถ์,"24",เขตราษฎร์บูรณะ,12
อุตรดิตถ์,"27",เขตบึงกุ่ม,1
อุตรดิตถ์,"29",เขตบางซื่อ,7
อุตรดิตถ์,"35",เขตจอมทอง,6
อุตรดิตถ์,"39",เขตวัฒนา,3
อุตรดิตถ์,"40",เขตบางแค,2
อุตรดิตถ์,"42",เขตสายไหม,13
อุตรดิตถ์,"44",เขตสะพานสูง,7
อุตรดิตถ์,"48",เขตทวีวัฒนา,5
อุตรดิตถ์,"49",เขตทุ่งครุ,11
อุตรดิตถ์,"50",เขตบางบอน,1
อุทัยธานี,"44",เขตสะพานสูง,2
อุทัยธานี,"01",เขตพระนคร,1
อุทัยธานี,"05",เขตบางเขน,10
อุทัยธานี,"10",เขตมีนบุรี,24
อุทัยธานี,"12",เขตยานนาวา,3
อุทัยธานี,"15",เขตธนบุรี,1
อุทัยธานี,"22",เขตภาษีเจริญ,2
อุทัยธานี,"23",เขตหนองแขม,6
อุทัยธานี,"25",เขตบางพลัด,1
อุทัยธานี,"33",เขตคลองเตย,2
อุทัยธานี,"38",เขตลาดพร้าว,2
อุทัยธานี,"39",เขตวัฒนา,21
อุทัยธานี,"41",เขตหลักสี่,2
อุทัยธานี,"42",เขตสายไหม,2
อุทัยธานี,"45",เขตวังทองหลาง,1
อุทัยธานี,"47",เขตบางนา,5
อุทัยธานี,"48",เขตทวีวัฒนา,5
อุทัยธานี,"49",เขตทุ่งครุ,8
อุทัยธานี,"50",เขตบางบอน,1
อุทัยธานี,"17",เขตห้วยขวาง,3
อุทัยธานี,"02",เขตดุสิต,1
อุทัยธานี,"03",เขตหนองจอก,3
อุทัยธานี,"04",เขตบางรัก,7
อุทัยธานี,"06",เขตบางกะปิ,2
อุทัยธานี,"09",เขตพระโขนง,1
อุทัยธานี,"11",เขตลาดกระบัง,48
อุทัยธานี,"14",เขตพญาไท,4
อุทัยธานี,"16",เขตบางกอกใหญ่,2
อุทัยธานี,"19",เขตตลิ่งชัน,2
อุทัยธานี,"21",เขตบางขุนเทียน,2
อุทัยธานี,"24",เขตราษฎร์บูรณะ,5
อุทัยธานี,"27",เขตบึงกุ่ม,5
อุทัยธานี,"29",เขตบางซื่อ,27
อุทัยธานี,"30",เขตจตุจักร,17
อุทัยธานี,"34",เขตสวนหลวง,3
อุทัยธานี,"36",เขตดอนเมือง,8
อุทัยธานี,"40",เขตบางแค,4
อุทัยธานี,"43",เขตคันนายาว,2
อุทัยธานี,"46",เขตคลองสามวา,3
อุบลราชธานี,"04",เขตบางรัก,23
อุบลราชธานี,"06",เขตบางกะปิ,28
อุบลราชธานี,"02",เขตดุสิต,41
อุบลราชธานี,"01",เขตพระนคร,27
อุบลราชธานี,"09",เขตพระโขนง,27
อุบลราชธานี,"10",เขตมีนบุรี,8
อุบลราชธานี,"12",เขตยานนาวา,53
อุบลราชธานี,"13",เขตสัมพันธวงศ์,2
อุบลราชธานี,"14",เขตพญาไท,56
อุบลราชธานี,"19",เขตตลิ่งชัน,8
อุบลราชธานี,"22",เขตภาษีเจริญ,48
อุบลราชธานี,"23",เขตหนองแขม,26
อุบลราชธานี,"29",เขตบางซื่อ,187
อุบลราชธานี,"33",เขตคลองเตย,16
อุบลราชธานี,"35",เขตจอมทอง,47
อุบลราชธานี,"38",เขตลาดพร้าว,3
อุบลราชธานี,"40",เขตบางแค,35
อุบลราชธานี,"43",เขตคันนายาว,4
อุบลราชธานี,"45",เขตวังทองหลาง,1
อุบลราชธานี,"47",เขตบางนา,50
อุบลราชธานี,"49",เขตทุ่งครุ,104
อุบลราชธานี,"50",เขตบางบอน,45
อุบลราชธานี,"07",เขตปทุมวัน,38
อุบลราชธานี,"11",เขตลาดกระบัง,251
อุบลราชธานี,"15",เขตธนบุรี,19
อุบลราชธานี,"16",เขตบางกอกใหญ่,15
อุบลราชธานี,"17",เขตห้วยขวาง,27
อุบลราชธานี,"18",เขตคลองสาน,47
อุบลราชธานี,"20",เขตบางกอกน้อย,27
อุบลราชธานี,"21",เขตบางขุนเทียน,45
อุบลราชธานี,"24",เขตราษฎร์บูรณะ,55
อุบลราชธานี,"05",เขตบางเขน,32
อุบลราชธานี,"25",เขตบางพลัด,6
อุบลราชธานี,"26",เขตดินแดง,49
อุบลราชธานี,"27",เขตบึงกุ่ม,14
อุบลราชธานี,"28",เขตสาทร,10
อุบลราชธานี,"30",เขตจตุจักร,75
อุบลราชธานี,"31",เขตบางคอแหลม,33
อุบลราชธานี,"32",เขตประเวศ,25
อุบลราชธานี,"34",เขตสวนหลวง,54
อุบลราชธานี,"36",เขตดอนเมือง,14
อุบลราชธานี,"03",เขตหนองจอก,29
อุบลราชธานี,"37",เขตราชเทวี,12
อุบลราชธานี,"39",เขตวัฒนา,56
อุบลราชธานี,"41",เขตหลักสี่,23
อุบลราชธานี,"42",เขตสายไหม,28
อุบลราชธานี,"44",เขตสะพานสูง,3
อุบลราชธานี,"46",เขตคลองสามวา,35
อุบลราชธานี,"48",เขตทวีวัฒนา,21
อ่างทอง,"16",เขตบางกอกใหญ่,7
อ่างทอง,"02",เขตดุสิต,6
อ่างทอง,"03",เขตหนองจอก,1
อ่างทอง,"04",เขตบางรัก,12
อ่างทอง,"06",เขตบางกะปิ,8
อ่างทอง,"09",เขตพระโขนง,2
อ่างทอง,"10",เขตมีนบุรี,26
อ่างทอง,"11",เขตลาดกระบัง,118
อ่างทอง,"12",เขตยานนาวา,21
อ่างทอง,"14",เขตพญาไท,6
อ่างทอง,"17",เขตห้วยขวาง,24
อ่างทอง,"19",เขตตลิ่งชัน,4
อ่างทอง,"20",เขตบางกอกน้อย,1
อ่างทอง,"21",เขตบางขุนเทียน,19
อ่างทอง,"23",เขตหนองแขม,2
อ่างทอง,"24",เขตราษฎร์บูรณะ,17
อ่างทอง,"25",เขตบางพลัด,1
อ่างทอง,"27",เขตบึงกุ่ม,32
อ่างทอง,"28",เขตสาทร,3
อ่างทอง,"31",เขตบางคอแหลม,5
อ่างทอง,"36",เขตดอนเมือง,18
อ่างทอง,"38",เขตลาดพร้าว,7
อ่างทอง,"39",เขตวัฒนา,9
อ่างทอง,"41",เขตหลักสี่,4
อ่างทอง,"42",เขตสายไหม,16
อ่างทอง,"48",เขตทวีวัฒนา,2
อ่างทอง,"01",เขตพระนคร,12
อ่างทอง,"05",เขตบางเขน,43
อ่างทอง,"07",เขตปทุมวัน,7
อ่างทอง,"08",เขตป้อมปราบศัตรูพ่าย,22
อ่างทอง,"15",เขตธนบุรี,37
อ่างทอง,"22",เขตภาษีเจริญ,4
อ่างทอง,"26",เขตดินแดง,36
อ่างทอง,"29",เขตบางซื่อ,82
อ่างทอง,"30",เขตจตุจักร,24
อ่างทอง,"32",เขตประเวศ,3
อ่างทอง,"33",เขตคลองเตย,21
อ่างทอง,"34",เขตสวนหลวง,8
อ่างทอง,"35",เขตจอมทอง,19
อ่างทอง,"37",เขตราชเทวี,2
อ่างทอง,"40",เขตบางแค,7
อ่างทอง,"44",เขตสะพานสูง,15
อ่างทอง,"46",เขตคลองสามวา,4
อ่างทอง,"47",เขตบางนา,13
อ่างทอง,"49",เขตทุ่งครุ,27
เชียงราย,"04",เขตบางรัก,5
เชียงราย,"01",เขตพระนคร,15
เชียงราย,"03",เขตหนองจอก,9
เชียงราย,"09",เขตพระโขนง,5
เชียงราย,"11",เขตลาดกระบัง,129
เชียงราย,"12",เขตยานนาวา,6
เชียงราย,"13",เขตสัมพันธวงศ์,1
เชียงราย,"15",เขตธนบุรี,20
เชียงราย,"16",เขตบางกอกใหญ่,7
เชียงราย,"17",เขตห้วยขวาง,15
เชียงราย,"20",เขตบางกอกน้อย,1
เชียงราย,"21",เขตบางขุนเทียน,3
เชียงราย,"24",เขตราษฎร์บูรณะ,51
เชียงราย,"25",เขตบางพลัด,2
เชียงราย,"26",เขตดินแดง,43
เชียงราย,"29",เขตบางซื่อ,28
เชียงราย,"30",เขตจตุจักร,23
เชียงราย,"31",เขตบางคอแหลม,13
เชียงราย,"32",เขตประเวศ,6
เชียงราย,"33",เขตคลองเตย,7
เชียงราย,"34",เขตสวนหลวง,12
เชียงราย,"36",เขตดอนเมือง,1
เชียงราย,"38",เขตลาดพร้าว,3
เชียงราย,"44",เขตสะพานสูง,11
เชียงราย,"46",เขตคลองสามวา,4
เชียงราย,"48",เขตทวีวัฒนา,12
เชียงราย,"02",เขตดุสิต,14
เชียงราย,"05",เขตบางเขน,10
เชียงราย,"06",เขตบางกะปิ,13
เชียงราย,"14",เขตพญาไท,1
เชียงราย,"18",เขตคลองสาน,6
เชียงราย,"22",เขตภาษีเจริญ,14
เชียงราย,"23",เขตหนองแขม,17
เชียงราย,"27",เขตบึงกุ่ม,8
เชียงราย,"35",เขตจอมทอง,4
เชียงราย,"37",เขตราชเทวี,2
เชียงราย,"39",เขตวัฒนา,15
เชียงราย,"40",เขตบางแค,15
เชียงราย,"41",เขตหลักสี่,2
เชียงราย,"42",เขตสายไหม,7
เชียงราย,"43",เขตคันนายาว,2
เชียงราย,"45",เขตวังทองหลาง,6
เชียงราย,"47",เขตบางนา,1
เชียงราย,"49",เขตทุ่งครุ,9
เชียงราย,"50",เขตบางบอน,5
เชียงใหม่,"41",เขตหลักสี่,4
เชียงใหม่,"03",เขตหนองจอก,4
เชียงใหม่,"06",เขตบางกะปิ,12
เชียงใหม่,"11",เขตลาดกระบัง,150
เชียงใหม่,"12",เขตยานนาวา,19
เชียงใหม่,"16",เขตบางกอกใหญ่,6
เชียงใหม่,"17",เขตห้วยขวาง,23
เชียงใหม่,"18",เขตคลองสาน,29
เชียงใหม่,"20",เขตบางกอกน้อย,4
เชียงใหม่,"23",เขตหนองแขม,7
เชียงใหม่,"24",เขตราษฎร์บูรณะ,7
เชียงใหม่,"25",เขตบางพลัด,3
เชียงใหม่,"26",เขตดินแดง,20
เชียงใหม่,"29",เขตบางซื่อ,9
เชียงใหม่,"30",เขตจตุจักร,44
เชียงใหม่,"31",เขตบางคอแหลม,1
เชียงใหม่,"33",เขตคลองเตย,4
เชียงใหม่,"35",เขตจอมทอง,6
เชียงใหม่,"39",เขตวัฒนา,14
เชียงใหม่,"40",เขตบางแค,4
เชียงใหม่,"42",เขตสายไหม,19
เชียงใหม่,"47",เขตบางนา,83
เชียงใหม่,"50",เขตบางบอน,9
เชียงใหม่,"01",เขตพระนคร,7
เชียงใหม่,"02",เขตดุสิต,4
เชียงใหม่,"04",เขตบางรัก,1
เชียงใหม่,"05",เขตบางเขน,1
เชียงใหม่,"09",เขตพระโขนง,6
เชียงใหม่,"10",เขตมีนบุรี,2
เชียงใหม่,"14",เขตพญาไท,3
เชียงใหม่,"15",เขตธนบุรี,32
เชียงใหม่,"19",เขตตลิ่งชัน,2
เชียงใหม่,"21",เขตบางขุนเทียน,4
เชียงใหม่,"22",เขตภาษีเจริญ,8
เชียงใหม่,"27",เขตบึงกุ่ม,2
เชียงใหม่,"32",เขตประเวศ,1
เชียงใหม่,"34",เขตสวนหลวง,3
เชียงใหม่,"36",เขตดอนเมือง,10
เชียงใหม่,"38",เขตลาดพร้าว,1
เชียงใหม่,"43",เขตคันนายาว,2
เชียงใหม่,"44",เขตสะพานสูง,7
เชียงใหม่,"46",เขตคลองสามวา,5
เชียงใหม่,"49",เขตทุ่งครุ,9
เพชรบุรี,"13",เขตสัมพันธวงศ์,1
เพชรบุรี,"01",เขตพระนคร,7
เพชรบุรี,"02",เขตดุสิต,3
เพชรบุรี,"10",เขตมีนบุรี,4
เพชรบุรี,"14",เขตพญาไท,17
เพชรบุรี,"15",เขตธนบุรี,18
เพชรบุรี,"16",เขตบางกอกใหญ่,27
เพชรบุรี,"20",เขตบางกอกน้อย,21
เพชรบุรี,"21",เขตบางขุนเทียน,17
เพชรบุรี,"24",เขตราษฎร์บูรณะ,39
เพชรบุรี,"27",เขตบึงกุ่ม,16
เพชรบุรี,"29",เขตบางซื่อ,34
เพชรบุรี,"31",เขตบางคอแหลม,6
เพชรบุรี,"32",เขตประเวศ,6
เพชรบุรี,"34",เขตสวนหลวง,8
เพชรบุรี,"39",เขตวัฒนา,15
เพชรบุรี,"40",เขตบางแค,2
เพชรบุรี,"41",เขตหลักสี่,4
เพชรบุรี,"46",เขตคลองสามวา,16
เพชรบุรี,"50",เขตบางบอน,5
เพชรบุรี,"07",เขตปทุมวัน,2
เพชรบุรี,"09",เขตพระโขนง,6
เพชรบุรี,"03",เขตหนองจอก,3
เพชรบุรี,"11",เขตลาดกระบัง,129
เพชรบุรี,"12",เขตยานนาวา,5
เพชรบุรี,"17",เขตห้วยขวาง,7
เพชรบุรี,"22",เขตภาษีเจริญ,8
เพชรบุรี,"23",เขตหนองแขม,5
เพชรบุรี,"26",เขตดินแดง,3
เพชรบุรี,"30",เขตจตุจักร,42
เพชรบุรี,"33",เขตคลองเตย,42
เพชรบุรี,"35",เขตจอมทอง,32
เพชรบุรี,"36",เขตดอนเมือง,14
เพชรบุรี,"37",เขตราชเทวี,4
เพชรบุรี,"42",เขตสายไหม,6
เพชรบุรี,"43",เขตคันนายาว,4
เพชรบุรี,"44",เขตสะพานสูง,1
เพชรบุรี,"47",เขตบางนา,15
เพชรบุรี,"48",เขตทวีวัฒนา,6
เพชรบุรี,"49",เขตทุ่งครุ,29
เพชรบุรี,"06",เขตบางกะปิ,5
เพชรบูรณ์,"50",เขตบางบอน,14
เพชรบูรณ์,"01",เขตพระนคร,8
เพชรบูรณ์,"02",เขตดุสิต,4
เพชรบูรณ์,"04",เขตบางรัก,8
เพชรบูรณ์,"06",เขตบางกะปิ,24
เพชรบูรณ์,"07",เขตปทุมวัน,8
เพชรบูรณ์,"09",เขตพระโขนง,18
เพชรบูรณ์,"10",เขตมีนบุรี,2
เพชรบูรณ์,"11",เขตลาดกระบัง,218
เพชรบูรณ์,"15",เขตธนบุรี,1
เพชรบูรณ์,"16",เขตบางกอกใหญ่,2
เพชรบูรณ์,"21",เขตบางขุนเทียน,2
เพชรบูรณ์,"22",เขตภาษีเจริญ,15
เพชรบูรณ์,"26",เขตดินแดง,13
เพชรบูรณ์,"27",เขตบึงกุ่ม,19
เพชรบูรณ์,"32",เขตประเวศ,16
เพชรบูรณ์,"33",เขตคลองเตย,16
เพชรบูรณ์,"38",เขตลาดพร้าว,4
เพชรบูรณ์,"39",เขตวัฒนา,12
เพชรบูรณ์,"42",เขตสายไหม,9
เพชรบูรณ์,"43",เขตคันนายาว,7
เพชรบูรณ์,"46",เขตคลองสามวา,18
เพชรบูรณ์,"47",เขตบางนา,30
เพชรบูรณ์,"49",เขตทุ่งครุ,50
เพชรบูรณ์,"05",เขตบางเขน,18
เพชรบูรณ์,"08",เขตป้อมปราบศัตรูพ่าย,2
เพชรบูรณ์,"12",เขตยานนาวา,16
เพชรบูรณ์,"14",เขตพญาไท,13
เพชรบูรณ์,"17",เขตห้วยขวาง,33
เพชรบูรณ์,"19",เขตตลิ่งชัน,8
เพชรบูรณ์,"20",เขตบางกอกน้อย,4
เพชรบูรณ์,"23",เขตหนองแขม,4
เพชรบูรณ์,"24",เขตราษฎร์บูรณะ,18
เพชรบูรณ์,"25",เขตบางพลัด,20
เพชรบูรณ์,"28",เขตสาทร,1
เพชรบูรณ์,"29",เขตบางซื่อ,70
เพชรบูรณ์,"30",เขตจตุจักร,42
เพชรบูรณ์,"31",เขตบางคอแหลม,7
เพชรบูรณ์,"34",เขตสวนหลวง,10
เพชรบูรณ์,"03",เขตหนองจอก,34
เพชรบูรณ์,"35",เขตจอมทอง,7
เพชรบูรณ์,"36",เขตดอนเมือง,7
เพชรบูรณ์,"40",เขตบางแค,15
เพชรบูรณ์,"41",เขตหลักสี่,7
เพชรบูรณ์,"44",เขตสะพานสูง,9
เพชรบูรณ์,"48",เขตทวีวัฒนา,15
เลย,"40",เขตบางแค,4
เลย,"01",เขตพระนคร,2
เลย,"03",เขตหนองจอก,14
เลย,"06",เขตบางกะปิ,5
เลย,"10",เขตมีนบุรี,6
เลย,"11",เขตลาดกระบัง,43
เลย,"12",เขตยานนาวา,1
เลย,"16",เขตบางกอกใหญ่,2
เลย,"22",เขตภาษีเจริญ,9
เลย,"29",เขตบางซื่อ,10
เลย,"30",เขตจตุจักร,14
เลย,"34",เขตสวนหลวง,5
เลย,"35",เขตจอมทอง,5
เลย,"36",เขตดอนเมือง,7
เลย,"37",เขตราชเทวี,1
เลย,"39",เขตวัฒนา,10
เลย,"44",เขตสะพานสูง,9
เลย,"47",เขตบางนา,12
เลย,"48",เขตทวีวัฒนา,2
เลย,"02",เขตดุสิต,13
เลย,"07",เขตปทุมวัน,9
เลย,"09",เขตพระโขนง,2
เลย,"13",เขตสัมพันธวงศ์,1
เลย,"15",เขตธนบุรี,7
เลย,"17",เขตห้วยขวาง,7
เลย,"19",เขตตลิ่งชัน,4
เลย,"21",เขตบางขุนเทียน,7
เลย,"23",เขตหนองแขม,1
เลย,"24",เขตราษฎร์บูรณะ,2
เลย,"26",เขตดินแดง,7
เลย,"27",เขตบึงกุ่ม,5
เลย,"31",เขตบางคอแหลม,1
เลย,"32",เขตประเวศ,3
เลย,"33",เขตคลองเตย,2
เลย,"38",เขตลาดพร้าว,2
เลย,"41",เขตหลักสี่,3
เลย,"42",เขตสายไหม,7
เลย,"46",เขตคลองสามวา,9
เลย,"49",เขตทุ่งครุ,12
เลย,"50",เขตบางบอน,7
แพร่,"06",เขตบางกะปิ,4
แพร่,"18",เขตคลองสาน,7
แพร่,"20",เขตบางกอกน้อย,3
แพร่,"22",เขตภาษีเจริญ,4
แพร่,"27",เขตบึงกุ่ม,13
แพร่,"30",เขตจตุจักร,25
แพร่,"31",เขตบางคอแหลม,17
แพร่,"34",เขตสวนหลวง,2
แพร่,"35",เขตจอมทอง,7
แพร่,"36",เขตดอนเมือง,4
แพร่,"38",เขตลาดพร้าว,1
แพร่,"40",เขตบางแค,8
แพร่,"44",เขตสะพานสูง,2
แพร่,"01",เขตพระนคร,4
แพร่,"02",เขตดุสิต,1
แพร่,"05",เขตบางเขน,5
แพร่,"07",เขตปทุมวัน,1
แพร่,"09",เขตพระโขนง,3
แพร่,"11",เขตลาดกระบัง,92
แพร่,"15",เขตธนบุรี,1
แพร่,"17",เขตห้วยขวาง,4
แพร่,"24",เขตราษฎร์บูรณะ,10
แพร่,"26",เขตดินแดง,6
แพร่,"29",เขตบางซื่อ,16
แพร่,"32",เขตประเวศ,4
แพร่,"33",เขตคลองเตย,2
แพร่,"39",เขตวัฒนา,3
แพร่,"41",เขตหลักสี่,2
แพร่,"42",เขตสายไหม,2
แพร่,"47",เขตบางนา,3
แพร่,"49",เขตทุ่งครุ,11
แพร่,"50",เขตบางบอน,6
แม่ฮ่องสอน,"04",เขตบางรัก,1
แม่ฮ่องสอน,"06",เขตบางกะปิ,2
แม่ฮ่องสอน,"09",เขตพระโขนง,2
แม่ฮ่องสอน,"11",เขตลาดกระบัง,29
แม่ฮ่องสอน,"12",เขตยานนาวา,1
แม่ฮ่องสอน,"15",เขตธนบุรี,19
แม่ฮ่องสอน,"22",เขตภาษีเจริญ,1
แม่ฮ่องสอน,"30",เขตจตุจักร,4
แม่ฮ่องสอน,"31",เขตบางคอแหลม,7
แม่ฮ่องสอน,"35",เขตจอมทอง,4
แม่ฮ่องสอน,"36",เขตดอนเมือง,1
แม่ฮ่องสอน,"39",เขตวัฒนา,23
แม่ฮ่องสอน,"40",เขตบางแค,2
แม่ฮ่องสอน,"47",เขตบางนา,1
แม่ฮ่องสอน,"02",เขตดุสิต,1
แม่ฮ่องสอน,"29",เขตบางซื่อ,14
แม่ฮ่องสอน,"34",เขตสวนหลวง,1
แม่ฮ่องสอน,"41",เขตหลักสี่,1
แม่ฮ่องสอน,"42",เขตสายไหม,4
แม่ฮ่องสอน,"44",เขตสะพานสูง,2
แม่ฮ่องสอน,"46",เขตคลองสามวา,1
แม่ฮ่องสอน,"49",เขตทุ่งครุ,1
แม่ฮ่องสอน,"50",เขตบางบอน,1
